Id;LotArea;YearBuilt;BedroomAbvGr;GarageCars;GarageArea;SalePrice
1;8450;2003;3;2;548;208500
2;9600;1976;3;2;460;181500
3;11250;2001;3;2;608;223500
4;9550;1915;3;3;642;140000
5;14260;2000;4;3;836;250000
6;14115;1993;1;2;480;143000
7;10084;2004;3;2;636;307000
8;10382;1973;3;2;484;200000
9;6120;1931;2;2;468;129900
10;7420;1939;2;1;205;118000
11;11200;1965;3;1;384;129500
12;11924;2005;4;3;736;345000
13;12968;1962;2;1;352;144000
14;10652;2006;3;3;840;279500
15;10920;1960;2;1;352;157000
16;6120;1929;2;2;576;132000
17;11241;1970;2;2;480;149000
18;10791;1967;2;2;516;90000
19;13695;2004;3;2;576;159000
20;7560;1958;3;1;294;139000
21;14215;2005;4;3;853;325300
22;7449;1930;3;1;280;139400
23;9742;2002;3;2;534;230000
24;4224;1976;3;2;572;129900
25;8246;1968;3;1;270;154000
26;14230;2007;3;3;890;256300
27;7200;1951;3;2;576;134800
28;11478;2007;3;3;772;306000
29;16321;1957;2;1;319;207500
30;6324;1927;1;1;240;68500
31;8500;1920;3;1;250;40000
32;8544;1966;3;1;271;149350
33;11049;2007;3;2;484;179900
34;10552;1959;4;2;447;165500
35;7313;2005;2;2;556;277500
36;13418;2004;4;3;691;309000
37;10859;1994;3;2;672;145000
38;8532;1954;3;2;498;153000
39;7922;1953;3;1;246;109000
40;6040;1955;2;0;0;82000
41;8658;1965;3;2;440;160000
42;16905;1959;2;1;308;170000
43;9180;1983;2;2;504;144000
44;9200;1975;3;1;308;130250
45;7945;1959;3;1;300;141000
46;7658;2005;2;2;576;319900
47;12822;2003;1;2;670;239686
48;11096;2006;3;3;826;249700
49;4456;1920;2;0;0;113000
50;7742;1966;3;1;386;127000
51;13869;1997;3;2;388;177000
52;6240;1934;3;2;528;114500
53;8472;1963;2;2;516;110000
54;50271;1981;0;3;894;385000
55;7134;1955;3;2;572;130000
56;10175;1964;3;2;576;180500
57;2645;1999;3;2;480;172500
58;11645;2004;3;2;565;196500
59;13682;2006;3;3;641;438780
60;7200;1972;2;1;352;124900
61;13072;2004;3;2;576;158000
62;7200;1920;3;1;288;101000
63;6442;2006;2;2;484;202500
64;10300;1921;3;2;480;140000
65;9375;1997;3;2;645;219500
66;9591;2004;4;3;852;317000
67;19900;1970;3;2;576;180000
68;10665;2003;3;2;558;226000
69;4608;1945;2;1;220;80000
70;15593;1953;3;2;667;225000
71;13651;1973;3;2;516;244000
72;7599;1982;2;2;360;129500
73;10141;1998;3;2;427;185000
74;10200;1954;3;2;490;144900
75;5790;1915;3;1;379;107400
76;1596;1973;2;1;297;91000
77;8475;1956;2;1;283;135750
78;8635;1948;2;1;240;127000
79;10778;1968;4;0;0;136500
80;10440;1910;2;2;440;110000
81;13000;1968;4;1;509;193500
82;4500;1998;2;2;405;153500
83;10206;2007;3;3;758;245000
84;8892;1960;3;2;461;126500
85;8530;1995;3;2;400;168500
86;16059;1991;4;2;462;260000
87;11911;2005;3;2;400;174000
88;3951;2009;2;2;528;164500
89;8470;1915;2;0;0;85000
90;8070;1994;3;0;0;123600
91;7200;1950;2;2;420;109900
92;8500;1961;2;2;480;98600
93;13360;1921;2;2;432;163500
94;7200;1910;4;2;506;133900
95;9337;1997;3;2;684;204750
96;9765;1993;3;2;420;185000
97;10264;1999;3;2;472;214000
98;10921;1965;3;1;432;94750
99;10625;1920;2;1;366;83000
100;9320;1959;3;0;0;128950
101;10603;1977;3;2;480;205000
102;9206;1985;3;2;476;178000
103;7018;1979;4;2;410;118964
104;10402;2009;3;3;740;198900
105;7758;1931;4;1;240;169500
106;9375;2003;3;2;648;250000
107;10800;1885;2;1;273;100000
108;6000;1948;2;1;250;115000
109;8500;1919;3;0;0;115000
110;11751;1977;3;2;546;190000
111;9525;1954;4;1;325;136900
112;7750;2000;3;2;400;180000
113;9965;2007;4;3;792;383970
114;21000;1953;3;2;450;217000
115;7259;1945;3;1;180;259500
116;3230;1999;2;2;440;176000
117;11616;1962;3;1;288;139000
118;8536;2006;2;2;430;155000
119;12376;1990;5;3;594;320000
120;8461;2005;3;2;390;163990
121;21453;1969;1;2;540;180000
122;6060;1939;3;1;264;100000
123;9464;1958;3;1;288;136000
124;7892;1993;2;2;530;153900
125;17043;1979;3;2;435;181000
126;6780;1935;2;0;0;84500
127;4928;1976;2;2;440;128000
128;4388;1930;3;0;0;87000
129;7590;1966;3;2;453;155000
130;8973;1958;3;2;750;150000
131;14200;1966;4;2;487;226000
132;12224;2000;3;2;390;244000
133;7388;1959;3;2;624;150750
134;6853;2001;2;2;471;220000
135;10335;1968;3;2;440;180000
136;10400;1970;3;2;530;174000
137;10355;1967;3;1;318;143000
138;11070;1988;5;3;766;171000
139;9066;1999;3;3;660;230000
140;15426;1997;3;2;470;231500
141;10500;1971;3;0;0;115000
142;11645;2005;3;2;660;260000
143;8520;1952;4;2;720;166000
144;10335;1999;3;2;577;204000
145;9100;1963;6;2;504;125000
146;2522;2004;3;2;380;130000
147;6120;1931;2;1;180;105000
148;9505;2001;3;2;434;222500
149;7500;2004;3;0;0;141000
150;6240;1936;3;1;240;115000
151;10356;1975;3;2;440;122000
152;13891;2007;2;3;866;372402
153;14803;1971;4;2;495;190000
154;13500;1960;1;2;564;235000
155;11340;1923;4;1;312;125000
156;9600;1924;2;0;0;79000
157;7200;1950;2;2;625;109500
158;12003;2009;4;3;680;269500
159;12552;2004;3;2;678;254900
160;19378;2005;4;2;576;320000
161;11120;1984;3;2;516;162500
162;13688;2003;3;3;726;412500
163;12182;2005;3;2;532;220000
164;5500;1956;1;0;0;103200
165;5400;1926;3;1;216;152000
166;10106;1940;4;0;0;127500
167;10708;1955;2;1;303;190000
168;10562;2007;3;3;789;325624
169;8244;2004;3;2;440;183500
170;16669;1981;2;2;511;228000
171;12358;1941;2;2;660;128500
172;31770;1960;3;2;528;215000
173;5306;1987;2;2;504;239000
174;10197;1961;3;2;504;163000
175;12416;1986;3;2;616;184000
176;12615;1950;4;2;576;243000
177;10029;1988;4;2;521;211000
178;13650;1958;4;2;451;172500
179;17423;2008;1;3;1166;501837
180;8520;1923;2;2;480;100000
181;2117;2000;3;2;440;177000
182;7588;1920;4;1;216;200100
183;9060;1957;3;1;252;120000
184;11426;2003;3;2;484;200000
185;7438;1908;3;2;576;127000
186;22950;1892;4;3;840;475000
187;9947;1990;3;2;497;173000
188;10410;1916;3;1;180;135000
189;7018;1979;2;2;528;153337
190;4923;2001;0;2;682;286000
191;10570;1932;3;2;440;315000
192;7472;1972;4;2;484;184000
193;9017;1999;3;2;666;192000
194;2522;2004;3;2;380;130000
195;7180;1972;3;1;352;127000
196;2280;1976;3;2;440;148500
197;9416;2007;3;3;786;311872
198;25419;1918;4;2;795;235000
199;5520;1912;5;0;0;104000
200;9591;2004;3;3;856;274900
201;8546;2003;2;2;440;140000
202;10125;1977;3;2;473;171500
203;7000;1924;2;1;398;112000
204;4438;2004;1;2;420;149000
205;3500;1947;2;1;240;110000
206;11851;1990;3;2;500;180500
207;13673;1962;3;1;349;143900
208;12493;1960;3;1;312;141000
209;14364;1988;3;2;454;277000
210;8250;1964;3;2;504;145000
211;5604;1925;2;0;0;98000
212;10420;2009;3;2;460;186000
213;8640;2009;3;2;644;252678
214;13568;1995;3;2;576;156000
215;10900;1977;3;1;299;161750
216;10011;1957;2;1;447;134450
217;8450;2004;3;2;484;210000
218;9906;1925;3;1;210;107000
219;15660;1939;3;2;431;311500
220;3010;2005;2;2;438;167240
221;8990;2006;2;2;675;204900
222;8068;2002;4;2;390;200000
223;11475;1975;3;2;434;179900
224;10500;1971;2;2;576;97000
225;13472;2003;3;3;968;386250
226;1680;1971;3;1;280;112000
227;9950;1995;4;3;721;290000
228;1869;1970;2;1;280;106000
229;8521;1967;3;1;336;125000
230;3182;2005;2;2;430;192500
231;8760;1959;3;1;312;148000
232;15138;1995;4;3;810;403000
233;1680;1972;2;1;288;94500
234;10650;1976;3;1;308;128200
235;7851;2002;4;2;440;216500
236;1680;1971;2;1;264;89500
237;8773;2004;3;2;494;185500
238;9453;1993;3;2;457;194500
239;12030;2007;3;3;818;318000
240;8741;1945;3;1;220;113000
241;9000;2008;3;2;750;262500
242;3880;1945;2;0;0;110500
243;5000;1900;3;1;352;79000
244;10762;1980;3;1;288;120000
245;8880;1994;3;2;463;205000
246;10400;1988;3;2;604;241500
247;9142;1910;4;1;440;137000
248;11310;1954;2;2;451;140000
249;11317;2003;3;2;500;180000
250;159000;1958;4;2;389;277000
251;5350;1940;3;0;0;76500
252;4750;2006;2;2;538;235000
253;8366;2004;3;2;520;173000
254;9350;1964;3;1;309;158000
255;8400;1957;3;1;294;145000
256;8738;1999;4;2;429;230000
257;8791;2003;3;2;673;207500
258;8814;2006;3;2;660;220000
259;12435;2001;3;2;564;231500
260;12702;1956;2;1;308;97000
261;19296;1962;3;2;884;176000
262;9588;2007;3;3;868;276000
263;8471;1977;3;2;492;151000
264;5500;1929;3;2;484;130000
265;5232;1925;2;2;504;73000
266;12090;1981;3;2;576;175500
267;11207;1997;3;2;413;185000
268;8400;1939;4;1;240;179500
269;6900;1940;2;1;924;120500
270;7917;1976;3;1;504;148000
271;10728;2006;3;3;1053;266000
272;39104;1954;2;2;439;241500
273;11764;1999;4;3;671;290000
274;9600;1958;3;1;338;139000
275;8314;1982;2;1;264;124500
276;7264;1925;3;2;672;205000
277;9196;2003;3;2;573;201000
278;19138;1951;2;2;400;141000
279;14450;2006;3;3;732;415298
280;10005;1977;4;2;505;192000
281;11287;1989;3;2;575;228500
282;7200;2006;2;2;572;185000
283;5063;2007;2;2;626;207500
284;9612;2008;3;3;898;244600
285;8012;1992;2;2;529;179200
286;4251;2006;2;2;528;164700
287;9786;1962;3;2;440;159000
288;8125;1971;3;0;0;88000
289;9819;1967;3;1;280;122000
290;8730;1915;3;1;384;153575
291;15611;2006;3;2;685;233230
292;5687;1912;6;0;0;135900
293;11409;1949;3;1;281;131000
294;16659;1977;3;2;539;235000
295;9600;1953;3;2;418;167000
296;7937;1984;3;2;588;142500
297;13710;1950;4;1;282;152000
298;7399;1997;3;2;576;239000
299;11700;1968;3;2;539;175000
300;14000;1950;3;1;300;158500
301;15750;1953;2;1;375;157000
302;16226;1998;4;2;683;267000
303;13704;2001;3;3;843;205000
304;9800;1972;3;2;552;149900
305;18386;1880;3;3;870;295000
306;10386;2004;3;3;888;305900
307;13474;1990;4;3;746;225000
308;7920;1920;3;0;0;89500
309;12342;1940;1;2;539;82500
310;12378;2003;3;3;708;360000
311;7685;1993;3;2;420;165600
312;8000;1948;2;1;240;132000
313;7800;1939;3;2;410;119900
314;215245;1965;3;2;513;375000
315;9600;1925;3;2;546;178000
316;7795;2004;3;2;432;188500
317;13005;1980;4;2;484;260000
318;9000;2006;3;3;1025;270000
319;9900;1993;4;3;656;260000
320;14115;1980;3;2;588;187500
321;16259;2006;4;3;840;342643
322;12099;2004;4;3;872;354000
323;10380;1986;4;2;576;301000
324;5820;1955;3;1;220;126175
325;11275;1967;5;2;564;242000
326;5000;1941;2;2;360;87000
327;10846;1993;1;2;473;324000
328;11600;1960;3;1;292;145250
329;11888;1916;5;2;441;214500
330;6402;1920;3;1;189;78000
331;10624;1964;6;1;352;119000
332;8176;1958;3;1;308;139000
333;10655;2003;3;3;880;284000
334;8198;2004;2;2;484;207000
335;9042;1998;3;2;472;192000
336;164660;1965;3;2;529;228950
337;14157;2005;3;3;676;377426
338;9135;2002;3;2;532;214000
339;14145;1984;3;2;440;202500
340;12400;1958;3;1;297;155000
341;14191;2002;4;2;431;202900
342;8400;1950;2;1;294;82000
343;8544;1949;2;2;400;87500
344;8849;2005;2;2;564;266000
345;2592;1976;3;1;336;85000
346;6435;1939;3;1;312;140200
347;12772;1960;2;1;301;151500
348;17600;1960;3;2;498;157500
349;2448;2003;2;2;474;154000
350;20431;2005;4;3;706;437154
351;7820;2007;2;2;617;318061
352;5271;1986;2;2;445;190000
353;9084;1941;3;1;200;95000
354;8520;1928;2;2;484;105900
355;8400;1940;2;1;240;140000
356;11249;1995;3;2;521;177500
357;9248;1992;3;2;400;173000
358;4224;1976;3;2;528;134000
359;6930;1958;3;1;288;130000
360;12011;1998;3;2;592;280000
361;7540;1978;2;2;470;156000
362;9144;1940;3;1;240;145000
363;7301;2003;4;2;672;198500
364;1680;1972;2;1;264;118000
365;18800;1976;3;2;566;190000
366;10690;1920;3;1;468;147000
367;9500;1963;3;2;514;159000
368;9150;1962;3;1;296;165000
369;7800;1954;2;1;244;132000
370;9830;1959;3;2;576;162000
371;8121;2000;3;2;460;172400
372;17120;1959;4;2;680;134432
373;7175;1984;2;1;264;125000
374;10634;1953;3;1;270;123000
375;8200;2003;4;2;434;219500
376;10020;1922;1;0;0;61000
377;8846;1996;2;2;576;148000
378;11143;2004;4;2;610;340000
379;11394;2010;1;3;834;394432
380;8123;2000;3;2;463;179000
381;5000;1924;3;1;308;127000
382;7200;2006;2;2;572;187750
383;9245;2006;3;2;639;213500
384;9000;1928;2;2;360;76000
385;53107;1992;3;2;501;240000
386;3182;2004;2;2;430;192000
387;8410;1910;5;0;0;81000
388;7200;1976;3;1;352;125000
389;9382;1999;3;2;577;191000
390;12474;2007;3;3;846;426000
391;8405;1900;4;1;384;119000
392;12209;2001;3;2;560;215000
393;8339;1959;3;1;294;106500
394;7446;1941;2;0;0;100000
395;10134;1940;2;1;240;109000
396;9571;1956;3;1;596;129000
397;7200;1972;2;2;600;123000
398;7590;1962;4;1;264;169500
399;8967;1920;2;1;338;67000
400;8125;2006;2;2;438;241000
401;14963;1996;1;2;500;245500
402;8767;2005;3;2;400;164990
403;10200;1940;2;1;240;108000
404;12090;1998;4;2;420;258000
405;10364;1995;3;2;373;168000
406;9991;1976;3;2;490;150000
407;10480;1936;3;1;240;115000
408;15576;1915;4;1;308;177000
409;14154;2006;3;3;947;280000
410;10800;2007;3;3;836;339750
411;9571;1958;3;1;350;60000
412;34650;1955;3;2;572;145000
413;4403;2009;2;2;484;222000
414;8960;1927;2;2;360;115000
415;11228;1993;3;3;678;228000
416;8899;2007;3;2;396;181134
417;7844;1978;3;2;440;149500
418;22420;1918;4;3;864;239000
419;8160;1940;3;1;240;126000
420;8450;1968;3;1;304;142000
421;7060;1997;2;4;784;206300
422;16635;1977;3;2;529;215000
423;21750;1954;2;2;520;113000
424;9200;1998;4;3;696;315000
425;9000;1956;2;1;297;139000
426;3378;1946;3;1;240;135000
427;12800;1989;2;2;569;275000
428;8593;1957;3;1;352;109008
429;6762;2007;2;2;628;195400
430;11457;1988;3;2;576;175000
431;1680;1971;2;1;264;85400
432;5586;1920;4;0;0;79900
433;1920;1971;2;2;440;122500
434;10839;1997;3;2;470;181000
435;1890;1972;1;0;0;81000
436;10667;1996;3;2;550;212000
437;4400;1920;2;2;440;116000
438;6000;1926;2;1;180;119000
439;4280;1913;2;1;352;90350
440;12354;1920;3;2;528;110000
441;15431;2008;2;3;672;555000
442;12108;1955;4;0;0;118000
443;6240;1930;3;2;360;162900
444;3922;2006;2;3;648;172500
445;8750;1994;4;2;493;210000
446;9855;1956;3;2;480;127500
447;16492;1966;2;2;578;190000
448;11214;1998;4;2;431;199900
449;8600;1937;3;1;198;119500
450;6000;1948;2;1;308;120000
451;5684;1930;2;1;270;110000
452;70761;1975;2;2;576;280000
453;9303;1996;3;2;422;204000
454;9000;2008;3;2;676;210000
455;9297;1976;4;2;560;188000
456;9600;1973;3;2;528;175500
457;4571;1916;4;3;513;98000
458;53227;1954;2;2;529;256000
459;5100;1925;3;1;228;161000
460;7015;1950;3;1;352;110000
461;8004;2009;3;2;552;263435
462;7200;1936;3;2;576;155000
463;8281;1965;3;1;360;62383
464;11988;1934;3;1;240;188700
465;8430;1978;3;0;0;124000
466;3072;2004;2;2;398;178740
467;10628;1970;2;2;526;167000
468;9480;1942;3;1;312;146500
469;11428;2006;3;3;866;250000
470;9291;1993;3;2;506;187000
471;6820;1985;1;2;528;212000
472;11952;1977;3;2;534;190000
473;3675;2005;2;2;525;148000
474;14977;2006;2;3;908;440000
475;5330;2000;2;2;499;251000
476;8480;1963;2;2;624;132500
477;13125;1997;3;2;508;208900
478;13693;2006;3;3;694;380000
479;10637;2007;3;3;826;297000
480;5925;1937;2;2;672;89471
481;16033;2004;3;3;772;326000
482;11846;2003;2;3;874;374000
483;2500;1915;4;1;164;155000
484;4500;1998;2;2;402;164000
485;7758;1962;3;1;264;132500
486;9600;1950;3;1;264;147000
487;10289;1965;3;2;515;156000
488;12243;1971;3;2;487;175000
489;10800;1900;3;2;520;160000
490;1526;1970;1;1;286;86000
491;2665;1976;3;1;336;115000
492;9490;1941;3;1;240;133000
493;15578;2006;3;2;429;172785
494;7931;1960;3;1;308;155000
495;5784;1938;2;1;273;91300
496;7879;1920;2;0;0;34900
497;12692;1992;4;2;546;430000
498;9120;1925;4;1;240;184000
499;7800;1967;3;1;288;130000
500;7535;1958;2;1;297;120000
501;1890;1973;3;1;264;113000
502;9803;2005;3;2;603;226700
503;9170;1965;2;2;461;140000
504;15602;1959;1;2;484;289000
505;2308;1974;3;2;440;147000
506;7596;1952;4;2;400;124500
507;9554;1993;3;2;471;215000
508;7862;2009;2;2;676;208300
509;9600;1928;3;2;360;161000
510;9600;1959;3;1;270;124500
511;14559;1951;2;1;288;164900
512;6792;2005;2;2;474;202665
513;9100;1958;3;2;624;129900
514;9187;1983;3;2;484;134000
515;10594;1926;2;1;200;96500
516;12220;2009;3;3;900;402861
517;10448;1972;3;2;583;158000
518;10208;1996;3;3;889;265000
519;9531;1998;3;2;546;211000
520;10918;1926;3;1;282;234000
521;10800;1900;3;0;0;106250
522;11988;1957;3;1;336;150000
523;5000;1947;3;2;420;159000
524;40094;2007;3;3;884;184750
525;11787;1996;3;3;834;315750
526;7500;2005;3;2;453;176000
527;13300;1956;2;1;252;132000
528;14948;2008;3;3;858;446261
529;9098;1920;2;0;0;86000
530;32668;1957;4;2;484;200624
531;10200;1988;3;2;600;175000
532;6155;1920;3;2;502;128000
533;7200;1955;2;1;392;107500
534;5000;1946;1;0;0;39300
535;9056;2004;3;2;403;178000
536;7000;1910;3;0;0;107500
537;8924;1998;3;2;527;188000
538;12735;1972;3;2;576;111250
539;11553;1968;3;1;336;158000
540;11423;2001;3;2;670;272000
541;14601;2006;2;3;765;315000
542;11000;2000;4;3;648;248000
543;10140;1998;3;2;583;213250
544;4058;1998;1;1;367;133000
545;17104;2006;3;2;426;179665
546;13837;1988;4;3;786;229000
547;8737;1923;3;2;440;210000
548;7244;1970;2;2;624;129500
549;8235;1955;2;2;720;125000
550;9375;2003;4;2;615;263000
551;4043;1977;2;2;440;140000
552;6000;1957;3;1;288;112500
553;11146;2006;3;3;908;255500
554;8777;1949;2;2;520;108000
555;10625;2003;3;3;871;284000
556;6380;1922;2;1;280;113000
557;14850;1957;2;1;299;141000
558;11040;1920;3;1;570;108000
559;21872;1996;3;2;406;175000
560;3196;2003;2;2;420;234000
561;11341;1957;3;2;528;121500
562;10010;1974;2;2;418;170000
563;13907;1940;3;0;0;108000
564;21780;1918;4;2;396;185000
565;13346;1992;4;2;590;268000
566;6858;1915;4;1;216;128000
567;11198;2005;4;3;656;325000
568;10171;2004;3;2;532;214000
569;12327;1983;1;2;612;316600
570;7032;1979;2;2;600;135960
571;13101;1965;6;2;576;142600
572;7332;1959;2;1;288;120000
573;13159;2009;3;2;650;224500
574;9967;2000;3;2;400;170000
575;10500;1971;3;1;288;139000
576;8480;1947;2;1;336;118500
577;6292;1928;3;1;216;145000
578;11777;1966;3;2;564;164500
579;3604;2007;2;2;540;146000
580;12150;1954;4;1;352;131500
581;14585;1960;3;2;572;181900
582;12704;2008;3;3;1390;253293
583;11841;1990;3;0;0;118500
584;13500;1893;3;2;880;325000
585;6120;1935;3;1;240;133000
586;11443;2005;2;3;880;369900
587;10267;1918;2;1;275;130000
588;8740;1982;2;2;528;137000
589;25095;1968;1;1;452;143000
590;9100;1930;2;1;308;79500
591;8320;2004;3;2;520;185900
592;13478;2008;3;3;842;451950
593;6600;1982;2;2;816;138000
594;4435;2003;1;2;420;140000
595;7990;1975;3;1;280;110000
596;11302;2005;3;3;758;319000
597;3600;1910;3;1;216;114504
598;3922;2006;2;3;648;194201
599;12984;1977;3;2;621;217500
600;1950;1980;3;2;452;151000
601;10927;2005;3;2;736;275000
602;9000;1937;3;1;544;141000
603;10041;1992;3;2;506;220000
604;3182;2004;2;2;480;151000
605;12803;2002;3;2;530;221000
606;13600;1965;3;2;486;205000
607;12464;1996;3;2;576;152000
608;7800;1948;3;1;230;225000
609;12168;1934;4;2;380;359100
610;7943;1961;3;1;261;118500
611;11050;2000;3;3;736;313000
612;10395;1978;3;2;564;148000
613;11885;2001;3;2;531;261500
614;8402;2007;3;0;0;147000
615;1491;1972;1;0;0;75500
616;8800;1963;3;2;480;137500
617;7861;2002;3;2;393;183200
618;7227;1954;2;2;528;105500
619;11694;2007;3;3;774;314813
620;12244;2003;4;3;749;305000
621;8248;1914;2;0;0;67000
622;10800;1974;4;2;624;240000
623;7064;1977;3;2;484;135000
624;2117;2000;2;2;440;168500
625;10400;1972;4;2;484;165150
626;10000;1962;3;2;440;160000
627;12342;1960;3;1;286;139900
628;9600;1955;3;1;364;153000
629;11606;1969;5;2;504;135000
630;9020;1964;3;2;520;168500
631;9000;1880;3;1;240;124000
632;4590;2006;2;2;627;209500
633;11900;1977;3;2;544;82500
634;9250;1954;3;1;260;139400
635;6979;1980;0;2;576;144000
636;10896;1914;8;0;0;200000
637;6120;1936;1;0;0;60000
638;6000;1954;3;1;256;93000
639;8777;1910;2;0;0;85000
640;3982;2006;1;3;648;264561
641;12677;2003;1;2;588;274000
642;7050;2001;3;2;650;226000
643;13860;1972;4;2;538;345000
644;10793;1969;4;2;462;152000
645;9187;2009;2;3;478;370878
646;10530;1971;3;2;576;143250
647;7200;1950;3;2;420;98300
648;10452;1953;3;2;495;155000
649;7700;1966;4;2;442;155000
650;1936;1970;1;0;0;84500
651;8125;2007;3;2;562;205950
652;9084;1940;4;1;296;108000
653;8750;1996;2;2;512;191000
654;10320;1906;3;1;216;135000
655;10437;1995;2;3;839;350000
656;1680;1971;3;1;264;88000
657;10007;1959;3;1;312;145500
658;7200;1931;3;1;270;149000
659;17503;1948;3;1;330;97500
660;9937;1964;3;2;480;167000
661;12384;1976;3;2;550;197900
662;46589;1994;4;3;711;402000
663;13560;1968;2;2;576;110000
664;10012;1972;3;2;588;137500
665;20896;2005;1;3;1134;423000
666;11194;2000;3;2;504;230500
667;18450;1965;3;2;596;129000
668;8125;1994;3;2;575;193500
669;14175;1956;3;2;576;168000
670;11600;1922;2;1;252;137500
671;8633;2005;3;2;540;173500
672;6629;1925;3;1;300;103600
673;11250;1977;3;2;546;165000
674;14442;1957;3;2;416;257500
675;9200;1965;3;1;384;140000
676;2289;1978;3;2;440;148500
677;9600;1900;4;3;779;87000
678;9022;1924;2;1;240;109500
679;11844;2008;3;3;834;372500
680;9945;1961;3;2;572;128500
681;8012;1980;2;1;264;143000
682;4500;1932;3;1;281;159434
683;2887;1996;2;2;431;173000
684;11248;2002;3;3;702;285000
685;16770;1998;4;2;486;221000
686;5062;1984;3;2;577;207500
687;10207;2007;3;2;578;227875
688;5105;2004;2;2;480;148800
689;8089;2007;2;2;567;392000
690;7577;2005;2;2;460;194700
691;4426;2004;1;2;420;141000
692;21535;1994;4;3;832;755000
693;26178;1989;4;2;628;335000
694;5400;1921;2;1;326;108480
695;6120;1936;3;2;576;141500
696;13811;1987;2;2;551;176000
697;6000;1921;2;1;205;89000
698;6420;1952;2;1;308;123500
699;8450;1965;3;1;336;138500
700;4282;2004;2;2;530;196000
701;14331;2002;3;3;765;312500
702;9600;1969;3;2;528;140000
703;12438;2006;4;3;666;361919
704;7630;1900;4;2;672;140000
705;8400;2004;3;2;606;213000
706;5600;1930;3;0;0;55000
707;115149;1971;2;2;739;302000
708;6240;2006;2;2;550;254000
709;9018;2007;3;2;400;179540
710;7162;1966;3;1;408;109900
711;4130;1935;2;0;0;52000
712;8712;1900;2;1;384;102776
713;4671;1988;2;2;472;189000
714;9873;1970;3;2;576;129000
715;13517;1976;3;2;475;130500
716;10140;1974;3;2;478;165000
717;10800;1890;3;2;704;159500
718;10000;1973;3;2;439;157000
719;10542;1993;3;3;983;341000
720;9920;1969;3;1;300;128500
721;6563;1985;2;2;564;275000
722;4426;2004;1;2;420;143000
723;8120;1970;3;2;463;124500
724;8172;1954;4;1;548;135000
725;13286;2007;3;3;768;320000
726;6960;1970;3;2;660;120500
727;21695;1988;3;2;540;222000
728;7314;2007;2;2;632;194500
729;11475;1958;4;3;888;110000
730;6240;1925;2;2;539;103000
731;5389;1995;2;2;608;236500
732;9590;2003;3;2;438;187500
733;11404;1998;3;2;541;222500
734;10000;1961;3;1;264;131400
735;8978;1968;3;1;300;108000
736;10800;1914;2;2;320;163000
737;8544;1950;2;2;400;93500
738;10463;2005;3;3;800;239900
739;10800;1987;3;0;0;179000
740;9313;2004;3;2;572;190000
741;9600;1910;2;2;360;132000
742;6768;1961;3;1;288;142000
743;8450;2000;3;2;539;179000
744;12886;1963;3;2;480;175000
745;5395;1993;2;2;462;180000
746;8963;1976;4;2;831;299800
747;8795;2000;4;2;554;236000
748;11700;1880;4;4;864;265979
749;10593;1996;3;2;527;260400
750;8405;1945;4;1;240;98000
751;8800;1910;3;0;0;96500
752;7750;2003;3;2;400;162000
753;9236;1997;3;2;576;217000
754;10240;2005;3;3;878;275500
755;7930;1969;3;2;440;156000
756;3230;1999;3;2;440;172500
757;10769;2007;3;2;578;212000
758;11616;1978;3;2;440;158900
759;2280;1999;3;2;440;179400
760;12257;1995;4;3;752;290000
761;9100;1959;2;1;300;127500
762;6911;1924;2;2;440;100000
763;8640;2009;3;2;614;215200
764;9430;1999;3;3;856;337000
765;9549;1995;2;2;481;270000
766;14587;2008;2;2;592;264132
767;10421;1988;3;2;496;196500
768;12508;1940;4;1;423;160000
769;9100;2004;3;2;484;216837
770;53504;2003;4;3;841;538000
771;7252;1982;2;2;576;134900
772;8877;1951;2;2;396;102000
773;7819;1976;3;2;672;107000
774;10150;1958;2;1;275;114500
775;14226;2006;3;3;895;395000
776;4500;1998;2;2;412;162000
777;11210;2005;3;3;865;221500
778;13350;1974;3;2;440;142500
779;8400;1977;4;2;630;144000
780;10530;1977;2;2;504;135000
781;7875;1995;3;2;402;176000
782;7153;1992;3;2;484;175900
783;16285;2001;3;2;605;187100
784;9101;1978;1;2;602;165500
785;6300;1914;3;0;0;128000
786;9790;1967;3;2;457;161500
787;10800;1915;4;1;416;139000
788;10142;2004;4;2;618;233000
789;6000;1954;2;1;281;107900
790;12205;1966;5;2;444;187500
791;3182;2005;2;2;397;160200
792;11333;1976;3;2;539;146800
793;9920;1996;3;2;455;269790
794;9158;2007;3;2;474;225000
795;10832;1994;3;2;409;194500
796;8400;1980;3;2;476;171000
797;8197;1977;3;2;528;143500
798;7677;1953;2;1;240;110000
799;13518;2008;4;3;820;485000
800;7200;1937;3;1;240;175000
801;12798;1997;4;2;603;200000
802;4800;1916;2;2;440;109900
803;8199;2005;3;2;410;189000
804;13891;2008;4;3;1020;582933
805;9000;1954;2;1;286;118000
806;12274;2008;3;2;554;227680
807;9750;1967;3;1;384;135500
808;21384;1923;3;2;528;223500
809;13400;1966;3;2;484;159950
810;8100;1898;2;2;360;106000
811;10140;1974;3;2;484;181000
812;4438;2004;1;2;420;144500
813;8712;1952;2;2;504;55993
814;9750;1958;4;1;301;157900
815;8248;1918;3;1;280;116000
816;12137;1998;3;2;598;224900
817;11425;1954;2;1;275;137000
818;13265;2002;3;3;857;271000
819;8816;1971;3;2;440;155000
820;6371;2009;2;2;484;224000
821;7226;2003;3;2;595;183000
822;6000;1953;2;2;576;93000
823;12394;2003;3;2;433;225000
824;9900;1940;3;1;240;139500
825;11216;2006;3;2;776;232600
826;14803;2007;2;3;1220;385000
827;6130;1924;2;0;0;109500
828;8529;2001;3;2;527;189000
829;28698;1967;3;2;538;185000
830;2544;2005;2;2;480;147400
831;11900;1957;3;2;458;166000
832;3180;2005;2;2;480;151000
833;9548;2003;3;2;613;237000
834;10004;1964;3;2;472;167000
835;7875;1961;3;2;456;139950
836;9600;1950;2;2;436;128000
837;8100;1948;2;2;812;153500
838;1680;1973;2;1;264;100000
839;9525;1995;3;1;352;144000
840;11767;1946;3;1;240;130500
841;12155;1925;4;1;400;140000
842;10440;1904;3;2;686;157500
843;9020;1966;3;2;490;174900
844;8000;1961;6;0;0;141000
845;12665;1915;4;3;720;153900
846;16647;1975;3;2;611;171000
847;9317;1993;3;2;425;213000
848;15523;1972;3;1;338;133500
849;45600;1908;5;2;360;240000
850;9600;1976;3;2;512;187000
851;4435;2003;1;2;420;131500
852;3196;2003;2;2;400;215000
853;7128;1941;4;1;240;164000
854;12095;1964;3;2;645;158000
855;17920;1955;3;2;454;170000
856;6897;1962;3;1;260;127000
857;10970;1978;3;2;576;147000
858;8125;1994;3;2;343;174000
859;10400;1976;3;2;479;152000
860;11029;1968;4;2;619;250000
861;7642;1918;3;1;216;189950
862;11625;1965;3;2;504;131500
863;9672;1984;3;2;480;152000
864;7931;1959;3;1;672;132500
865;8640;2007;3;2;529;250580
866;8750;1970;3;2;902;148500
867;10656;2006;3;3;870;248900
868;6970;1961;3;2;544;129000
869;14762;1948;2;2;672;169000
870;9938;1993;3;2;574;236000
871;6600;1962;2;1;308;109500
872;8750;1998;3;2;523;200500
873;8892;1953;3;2;414;116000
874;12144;1949;3;1;288;133000
875;5720;1941;3;1;200;66500
876;9000;2007;4;2;550;303477
877;25286;1963;3;2;648;132250
878;8834;2004;4;3;738;350000
879;11782;1961;3;2;576;148000
880;7000;1978;3;1;336;136500
881;7024;2005;2;2;450;157000
882;13758;1990;3;2;400;187500
883;9636;1992;3;2;389;178000
884;6204;1912;5;1;440;118500
885;7150;1967;3;1;288;100000
886;5119;1999;2;2;506;328900
887;8393;1959;4;2;588;145000
888;16466;1955;3;1;300;135500
889;15865;1970;4;2;621;268000
890;12160;1953;2;2;505;149500
891;8064;1949;3;2;576;122900
892;11184;1978;3;2;440;172500
893;8414;1963;3;1;264;154500
894;13284;1954;3;1;354;165000
895;7018;1979;4;2;400;118858
896;7056;1963;4;2;483;140000
897;8765;1936;2;1;327;106500
898;7018;1979;6;2;528;142953
899;12919;2009;2;3;820;611657
900;6993;1961;3;1;288;135000
901;7340;1971;2;1;684;110000
902;8712;1957;2;1;756;153000
903;7875;2003;3;2;393;180000
904;14859;2006;3;3;690;240000
905;6173;1967;3;1;288;125500
906;9920;1954;3;1;280;128000
907;13501;2006;3;3;865;255000
908;11500;1936;3;1;180;250000
909;8885;1983;2;2;484;131000
910;12589;2005;3;2;390;174000
911;11600;1960;5;2;480;154300
912;9286;1977;3;1;252;143500
913;6120;1925;3;1;450;88000
914;6270;1949;4;3;871;145000
915;3000;2009;2;2;528;173733
916;2001;1970;3;1;286;75000
917;9000;1949;1;1;308;35311
918;17140;1956;3;1;284;135000
919;13125;1991;4;3;833;238000
920;11029;1958;3;2;601;176500
921;8462;1994;3;2;471;201000
922;8777;1900;4;0;0;145900
923;10237;2005;3;2;397;169990
924;8012;1993;2;2;533;193000
925;10240;1980;3;2;612;207500
926;15611;1977;3;2;540;175000
927;11999;2003;4;3;656;285000
928;9900;1968;4;2;486;176000
929;11838;2001;3;2;522;236500
930;13006;1997;4;2;642;222000
931;8925;2007;3;3;610;201000
932;9100;1965;2;1;429;117500
933;11670;2006;3;3;788;320000
934;8487;2004;3;2;570;190000
935;27650;1960;4;2;505;242000
936;5825;1926;1;2;528;79900
937;10083;2003;2;2;555;184900
938;9675;2005;3;2;689;253000
939;8760;2006;3;3;868;239799
940;24090;1940;4;1;349;244400
941;12640;1976;4;2;574;150900
942;8755;1999;3;2;390;214000
943;7711;1977;4;0;0;150000
944;25000;1967;4;2;576;143000
945;14375;1958;3;2;525;137500
946;8820;1890;2;2;456;124900
947;8163;1959;3;1;796;143000
948;14536;2002;3;3;808;270000
949;14006;2002;3;2;474;192500
950;9360;1972;3;2;676;197500
951;7200;1950;3;2;720;129000
952;7800;1965;3;1;300;119900
953;7200;1972;2;1;396;133900
954;11075;1969;4;2;530;172000
955;9400;1975;4;0;0;127500
956;7136;1946;4;2;492;145000
957;1300;1980;2;2;462;124000
958;7420;1962;3;2;576;132000
959;8450;2003;3;2;531;185000
960;2572;1999;3;2;484;155000
961;7207;1958;2;0;0;116500
962;12227;1977;4;2;619;272000
963;2308;1976;3;2;440;155000
964;11923;2007;2;2;702;239000
965;11316;2002;4;2;510;214900
966;10237;2005;3;2;393;178900
967;9600;1940;2;1;256;160000
968;7390;1955;3;1;260;135000
969;5925;1910;2;0;0;37900
970;10382;1958;2;1;264;140000
971;10800;1949;4;0;0;135000
972;2268;2003;2;2;474;173000
973;7892;1979;2;1;264;99500
974;11639;2007;3;2;480;182000
975;11414;1910;3;2;532;167500
976;2651;2000;3;2;490;165000
977;5900;1923;2;0;0;85500
978;4274;2006;1;2;569;199900
979;9450;1954;3;2;400;110000
980;8816;1963;3;2;480;139000
981;12122;1961;3;2;588;178400
982;12203;1998;4;3;676;336000
983;3182;2007;2;2;388;159895
984;11250;2002;4;2;779;255900
985;10125;1977;4;2;539;126000
986;10880;1950;3;1;240;125000
987;5310;1910;2;1;255;117000
988;10159;2009;3;3;606;395192
989;12046;1976;4;2;551;195000
990;8125;2006;3;2;614;197000
991;9452;1997;3;3;870;348000
992;17671;1882;4;2;424;168000
993;9760;1964;3;2;440;187000
994;8846;2005;3;2;564;173900
995;12456;2006;3;3;786;337500
996;4712;1946;3;1;305;121600
997;10659;1961;3;1;368;136500
998;11717;1970;2;2;615;185000
999;9786;1922;3;1;210;91000
1000;6762;2006;2;2;632;206000
1001;10206;1952;2;2;528;82000
1002;5400;1920;2;1;216;86000
1003;11957;2006;3;3;824;232000
1004;11500;1976;4;2;528;136905
1005;3182;2005;1;2;457;181000
1006;8385;1977;3;1;328;149900
1007;12155;1970;3;2;484;163500
1008;2217;1970;3;1;286;88000
1009;12118;2004;3;2;550;240000
1010;6000;1926;4;0;0;102000
1011;21286;1948;4;1;312;135000
1012;9825;1965;4;0;0;100000
1013;10592;1923;3;1;180;165000
1014;7200;1910;2;1;280;85000
1015;11664;1948;2;1;240;119200
1016;8400;2001;3;2;528;227000
1017;11883;1996;3;2;478;203000
1018;5814;1984;1;2;565;187500
1019;10784;1991;3;2;402;160000
1020;3013;2005;2;2;440;213490
1021;7024;2005;2;2;451;176000
1022;7406;2006;2;2;632;194000
1023;9439;1930;2;1;160;87000
1024;3182;2005;2;2;437;191000
1025;15498;1976;2;2;665;287000
1026;7700;1972;3;2;461;112500
1027;9300;1960;3;2;461;167500
1028;9520;2007;3;3;800;293077
1029;9492;1941;3;1;240;105000
1030;1680;1972;3;1;264;118000
1031;7082;1916;5;0;0;160000
1032;15863;1920;5;2;672;197000
1033;14541;1993;5;3;796;310000
1034;8125;2002;3;3;900;230000
1035;6305;1938;2;1;240;119750
1036;11500;1957;3;1;290;84000
1037;12898;2007;2;3;912;315500
1038;9240;2001;3;2;905;287000
1039;1533;1970;3;0;0;97000
1040;1477;1970;1;1;286;80000
1041;13125;1957;3;2;484;155000
1042;9130;1966;4;2;484;173000
1043;5381;2005;1;2;624;196000
1044;11839;1990;4;2;514;262280
1045;9600;1981;4;2;542;278000
1046;13680;1955;4;2;452;139600
1047;16056;2005;4;3;716;556581
1048;9245;1994;3;2;672;145000
1049;21750;1960;3;2;336;115000
1050;11100;1946;2;1;308;84900
1051;8993;2007;3;2;436;176485
1052;11175;2007;3;2;440;200141
1053;9500;1964;4;2;540;165000
1054;8562;1957;4;1;364;144500
1055;11367;2002;3;2;586;255000
1056;11361;1976;3;2;478;180000
1057;7052;2005;2;2;484;185850
1058;29959;1994;3;2;467;248000
1059;11308;2008;3;3;836;335000
1060;11275;1932;3;2;432;220000
1061;4920;2001;2;2;582;213500
1062;18000;1935;2;3;1248;81000
1063;13600;1900;5;2;560;90000
1064;6000;1925;2;2;440;110500
1065;11000;1966;3;2;480;154000
1066;14000;1996;3;2;533;328000
1067;7837;1993;3;2;380;178000
1068;9760;1964;4;2;442;167900
1069;3964;1973;5;2;576;151400
1070;9600;1949;2;2;576;135000
1071;10152;1956;3;1;286;135000
1072;11700;1968;4;2;441;154000
1073;7585;1948;4;1;280;91500
1074;7950;1977;3;2;440;159500
1075;8556;2006;2;3;826;194000
1076;13125;1940;3;1;240;219500
1077;10800;1936;3;2;566;170000
1078;15870;1969;3;1;299;138800
1079;4435;2004;1;2;420;155900
1080;8775;1994;3;1;299;126000
1081;11040;1971;3;2;528;145000
1082;7500;1963;3;1;308;133000
1083;8749;2002;3;2;527;192000
1084;8800;1964;3;1;461;160000
1085;13031;1995;3;2;409;187500
1086;9069;1992;2;2;564;147000
1087;1974;1973;3;1;286;83500
1088;10574;2005;3;3;1043;252000
1089;2522;2004;3;2;380;137500
1090;3316;2005;1;2;550;197000
1091;8544;1950;2;2;400;92900
1092;2160;1999;2;2;462;160000
1093;8400;1925;4;2;576;136500
1094;9230;1965;1;2;884;146000
1095;5868;1956;2;1;308;129000
1096;9317;2006;3;2;440;176432
1097;6882;1914;3;0;0;127000
1098;3696;1986;2;2;461;170000
1099;6000;1936;3;1;240;128000
1100;11880;1978;3;2;478;157000
1101;8400;1920;1;1;246;60000
1102;9758;1971;3;1;280;119500
1103;7000;1960;2;1;254;135000
1104;8910;1959;3;2;539;159500
1105;2016;1970;3;2;440;106000
1106;12256;1994;3;2;712;325000
1107;10357;1990;3;2;719;179900
1108;23257;2006;3;2;422;274725
1109;8063;2000;3;2;463;181000
1110;11362;2004;3;3;862;280000
1111;8000;1995;3;2;431;188000
1112;10480;1976;4;2;483;205000
1113;7100;1957;2;1;308;129900
1114;8923;1953;2;1;240;134500
1115;5400;1954;2;1;326;117000
1116;12085;2007;3;3;928;318000
1117;7750;2002;3;2;527;184100
1118;9764;1967;3;2;450;130000
1119;13825;1958;3;1;300;140000
1120;7560;1959;3;1;286;133700
1121;8263;1920;2;1;308;118400
1122;10084;2005;3;3;782;212900
1123;8926;1956;3;1;288;112000
1124;9405;1947;2;0;0;118000
1125;9125;1992;3;2;392;163900
1126;10434;1955;2;2;672;115000
1127;3684;2007;2;3;660;174000
1128;14572;2004;3;3;630;259000
1129;11796;2004;4;2;434;215000
1130;7200;1980;2;2;672;140000
1131;7804;1928;4;2;576;135000
1132;10712;1991;3;0;0;93500
1133;9900;1880;5;1;205;117500
1134;9828;1995;3;2;466;239500
1135;8773;1997;3;2;460;169000
1136;6180;1926;2;1;180;102000
1137;9600;1950;3;1;288;119000
1138;6342;1875;2;0;0;94000
1139;9819;1977;2;2;714;196000
1140;8731;1920;3;2;495;144000
1141;7350;1951;2;2;840;139000
1142;10304;1976;4;2;484;197500
1143;9965;2006;4;3;1052;424870
1144;9000;1959;3;0;0;80000
1145;12180;1941;2;1;280;80000
1146;6240;1928;3;1;225;149000
1147;11200;1985;3;2;403;180000
1148;12000;1941;3;1;234;174500
1149;5700;1926;2;1;288;116900
1150;9000;1920;3;2;324;143000
1151;8280;1950;2;1;306;124000
1152;17755;1959;3;2;528;149900
1153;14115;1956;2;2;470;230000
1154;5890;1930;2;1;432;120500
1155;13700;1965;4;2;492;201800
1156;10768;1976;3;2;528;218000
1157;9350;1965;3;2;502;179900
1158;5001;2007;2;2;626;230000
1159;11932;2007;3;3;830;235128
1160;9120;1974;4;2;540;185000
1161;2280;1978;3;2;440;146000
1162;14778;1954;3;2;924;224000
1163;8724;1968;3;2;450;129000
1164;12900;1969;0;2;400;108959
1165;16157;1978;2;2;588;194000
1166;9541;2009;3;2;644;233170
1167;10475;2008;3;3;776;245350
1168;10852;2000;3;2;472;173000
1169;13728;1935;4;2;540;235000
1170;35760;1995;4;3;807;625000
1171;9880;1977;3;1;358;171000
1172;9120;1958;3;2;433;163000
1173;4017;2006;2;2;625;171900
1174;18030;1946;3;0;0;200500
1175;16560;1932;4;2;360;239000
1176;10678;1992;4;2;541;285000
1177;6951;1984;3;1;264;119500
1178;3950;1926;3;1;210;115000
1179;7681;1921;3;1;186;154900
1180;8335;1954;3;0;0;93000
1181;11170;1990;4;2;693;250000
1182;5587;2008;2;2;482;392500
1183;15623;1996;4;3;813;745000
1184;10800;1920;2;2;720;120000
1185;35133;1963;3;3;995;186700
1186;9738;1924;4;1;392;104900
1187;10615;1900;3;2;420;95000
1188;12461;1994;2;3;757;262000
1189;8935;2002;3;2;493;195000
1190;7500;1999;3;2;442;189000
1191;32463;1961;3;4;1356;168000
1192;2645;1999;2;2;492;174000
1193;9600;1925;3;1;250;125000
1194;4500;1999;2;2;402;165000
1195;9364;1969;4;1;299;158000
1196;8029;2005;3;2;400;176000
1197;14054;2006;4;3;660;219210
1198;8850;1916;3;1;225;144000
1199;9100;2001;3;2;573;178000
1200;11235;1963;3;2;459;148000
1201;9353;1970;3;1;280;116050
1202;10400;1998;3;2;546;197900
1203;6000;1925;3;1;216;117000
1204;9750;2000;3;2;451;213000
1205;10140;1975;3;2;495;153500
1206;14684;1990;3;3;701;271900
1207;8900;1966;2;1;384;107000
1208;9135;2003;3;2;544;200000
1209;7763;1962;3;2;506;140000
1210;10182;2006;3;2;500;290000
1211;11218;1992;3;2;462;189000
1212;12134;1988;4;2;492;164000
1213;9340;1941;2;1;234;113000
1214;10246;1965;0;1;364;145000
1215;10205;1962;3;1;300;134500
1216;7094;1966;3;1;384;125000
1217;8930;1978;4;2;539;112000
1218;8640;2009;3;2;552;229456
1219;6240;1947;2;0;0;80500
1220;1680;1971;3;0;0;91500
1221;7800;1964;2;1;288;115000
1222;8250;1968;3;1;322;134000
1223;10496;1949;3;1;315;143000
1224;10680;1951;4;2;528;137900
1225;15384;2004;3;2;388;184000
1226;10482;1958;3;1;264;145000
1227;14598;2007;4;3;668;214000
1228;8872;1965;2;2;576;147000
1229;8769;2008;1;3;1052;367294
1230;7910;1960;4;1;404;127000
1231;18890;1977;4;2;600;190000
1232;7728;1962;3;2;540;132500
1233;9842;1962;2;2;462;101800
1234;12160;1959;3;2;531;142000
1235;8525;1911;4;0;0;130000
1236;13132;1914;4;1;180;138887
1237;2628;2003;2;2;474;175500
1238;12393;2004;4;2;434;195000
1239;13072;2005;3;2;484;142500
1240;9037;2006;2;2;472;265900
1241;8158;2003;3;2;543;224900
1242;9849;2007;3;3;954;248328
1243;10625;1974;3;2;528;170000
1244;13891;2006;2;3;850;465000
1245;11435;1929;3;2;400;230000
1246;12090;1984;3;2;477;178000
1247;8125;2005;3;2;615;186500
1248;12328;1976;3;3;888;169900
1249;9600;1917;3;2;396;129500
1250;7200;1950;3;1;276;119000
1251;11160;1968;3;2;522;244000
1252;3136;2003;2;2;478;171750
1253;9858;1968;3;1;288;130000
1254;17542;1974;3;2;518;294000
1255;6931;2003;3;2;397;165400
1256;6240;1931;3;1;560;127500
1257;14303;1994;2;2;691;301500
1258;4060;1922;2;0;0;99900
1259;9587;2005;2;2;400;190000
1260;9750;1969;3;2;460;151000
1261;24682;1999;3;2;502;181000
1262;9600;1956;2;1;338;128900
1263;11250;1957;5;1;304;161500
1264;13515;1919;3;2;520;180500
1265;4060;1998;2;2;511;181000
1266;3735;1999;3;2;506;183900
1267;10120;1910;4;1;308;122000
1268;13214;2008;3;3;746;378500
1269;14100;1935;4;3;1014;381000
1270;11344;1958;3;1;315;144000
1271;23595;1979;0;2;586;260000
1272;9156;1968;3;2;462;185750
1273;13526;1965;3;1;288;137000
1274;11512;1959;2;1;312;177000
1275;5362;1910;3;2;552;139000
1276;11345;1948;4;2;400;137000
1277;12936;1972;3;2;497;162000
1278;17871;1967;3;2;480;197900
1279;9473;2002;3;2;577;237000
1280;7500;1920;2;2;528;68400
1281;9808;2002;3;2;544;227000
1282;8049;1990;2;2;484;180000
1283;8800;1977;3;2;484;150500
1284;9400;1971;4;0;0;139000
1285;9638;1919;4;1;336;169000
1286;6000;1939;4;1;280;132500
1287;9790;1963;3;2;528;143000
1288;36500;1964;4;2;390;190000
1289;5664;2000;2;2;499;278000
1290;11065;2006;3;3;753;281000
1291;14112;1964;3;2;484;180500
1292;1680;1972;3;1;264;119500
1293;6600;1892;4;1;432;107500
1294;10140;1976;4;2;528;162900
1295;8172;1955;2;2;572;115000
1296;8400;1968;3;1;288;138500
1297;8700;1963;3;2;525;155000
1298;3675;2005;2;2;525;140000
1299;63887;2008;3;2;1418;160000
1300;7500;1959;3;1;305;154000
1301;10762;1999;3;2;490;225000
1302;7500;1942;3;1;213;177500
1303;10120;1994;4;3;844;290000
1304;8688;2005;3;3;834;232000
1305;3363;2004;3;2;380;130000
1306;13173;2006;2;2;840;325000
1307;6955;2005;2;2;474;202500
1308;8072;1994;3;2;480;138000
1309;12000;1948;2;2;528;147000
1310;7153;1991;3;2;496;179200
1311;17500;1959;3;2;567;335000
1312;8814;2005;3;2;508;203000
1313;9572;1990;4;2;750;302000
1314;14774;1999;4;3;779;333168
1315;8190;1954;3;1;280;119000
1316;11075;1969;4;2;576;206900
1317;10226;2008;3;3;860;295493
1318;4230;2006;2;2;466;208900
1319;14781;2001;3;3;748;275000
1320;10215;1954;3;1;248;111000
1321;8400;1957;3;2;442;156500
1322;6627;1949;2;1;287;72500
1323;10186;1992;3;2;564;190000
1324;5330;1940;2;0;0;82500
1325;9986;2006;2;3;895;147000
1326;3636;1922;2;0;0;55000
1327;4270;1931;3;0;0;79000
1328;6600;1982;3;1;264;130500
1329;10440;1920;5;2;520;256000
1330;9084;1998;3;2;462;176500
1331;10000;2006;3;3;825;227000
1332;10780;1976;3;2;576;132500
1333;8877;1938;2;1;288;100000
1334;7200;1938;2;1;297;125500
1335;2368;1970;3;2;440;125000
1336;9650;1977;2;2;630;167900
1337;9246;1973;4;2;506;135000
1338;4118;1941;2;0;0;52500
1339;13450;2002;3;2;492;200000
1340;9560;1972;3;1;288;128500
1341;8294;1971;3;4;480;123000
1342;13695;2003;3;2;576;155000
1343;9375;2002;3;2;647;228500
1344;7558;1928;3;2;342;177000
1345;11103;2006;3;2;440;155835
1346;6000;1920;2;1;308;108500
1347;20781;1968;3;2;508;262500
1348;15306;2006;3;3;712;283463
1349;16196;1998;3;2;514;215000
1350;5250;1872;4;0;0;122000
1351;11643;1969;6;4;968;200000
1352;9247;1962;4;2;490;171000
1353;6000;1937;2;2;624;134900
1354;14720;1995;4;3;666;410000
1355;10316;2000;3;3;839;235000
1356;10192;1968;4;2;487;170000
1357;9477;1966;3;1;264;110000
1358;12537;1971;3;2;500;149900
1359;2117;2000;3;2;440;177500
1360;16737;2004;3;3;770;315000
1361;9842;1921;4;2;621;189000
1362;16158;2005;3;2;430;260000
1363;12513;1920;4;1;368;104900
1364;8499;2006;3;2;432;156932
1365;3180;2005;2;2;480;144152
1366;7500;2000;3;2;663;216000
1367;9179;1999;3;2;588;193000
1368;2665;1977;4;1;336;127000
1369;4435;2003;1;2;420;144000
1370;10635;2003;3;2;502;232000
1371;5400;1920;2;1;338;105000
1372;9600;1955;3;1;377;165500
1373;9750;1998;3;2;583;274300
1374;11400;2001;2;3;804;466500
1375;10625;2005;3;3;936;250000
1376;10991;2007;3;3;722;239000
1377;6292;1930;2;1;160;91000
1378;10998;1941;3;2;660;117000
1379;1953;1973;2;1;264;83000
1380;9735;2006;3;2;400;167500
1381;8212;1914;2;1;200;58500
1382;12925;1970;4;2;550;237500
1383;7200;1920;4;2;576;157000
1384;25339;1918;3;2;576;112000
1385;9060;1939;2;1;280;105000
1386;5436;1922;3;1;240;125500
1387;16692;1978;5;2;564;250000
1388;8520;1916;5;1;216;136000
1389;14892;2006;3;3;758;377500
1390;6000;1941;3;2;440;131000
1391;9100;2000;3;2;541;235000
1392;8944;1967;4;3;792;124000
1393;7838;1967;3;1;288;123000
1394;10800;1905;3;2;672;163000
1395;4045;2006;2;3;648;246578
1396;12665;2005;4;3;642;281213
1397;57200;1948;3;2;572;160000
1398;6120;1920;4;1;180;137500
1399;7200;1950;3;1;240;138000
1400;6171;1925;3;1;216;137450
1401;6000;1929;3;1;208;120000
1402;7415;2004;3;2;398;193000
1403;6762;2006;2;2;662;193879
1404;15256;2007;3;3;754;282922
1405;10410;1915;3;3;936;105000
1406;3842;2004;2;2;482;275000
1407;8445;1972;2;2;396;133000
1408;8780;1985;3;0;0;112000
1409;7740;1910;3;2;528;125500
1410;20544;1986;3;2;542;215000
1411;12420;2001;3;2;622;230000
1412;9600;1950;3;1;271;140000
1413;7200;1949;2;2;420;90000
1414;10994;2005;2;2;620;257000
1415;13053;1923;4;2;370;207000
1416;3635;2007;1;3;660;175900
1417;11340;1885;4;2;560;122500
1418;16545;1998;3;3;1069;340000
1419;9204;1963;3;1;336;124000
1420;16381;1969;3;2;540;223000
1421;11700;1968;3;2;776;179900
1422;4043;1977;2;2;440;127500
1423;4435;2003;1;2;420;136500
1424;19690;1966;4;2;432;274970
1425;9503;1958;2;1;484;144000
1426;10721;1959;3;2;528;142000
1427;10944;1994;3;2;525;271000
1428;10930;1945;3;1;288;140000
1429;7200;1940;2;1;240;119000
1430;12546;1981;3;2;467;182900
1431;21930;2005;4;2;372;192140
1432;4928;1976;2;2;440;143750
1433;10800;1927;4;1;216;64500
1434;10261;2000;3;2;451;186500
1435;17400;1977;3;2;484;160000
1436;8400;1962;3;2;462;174000
1437;9000;1971;3;2;528;120500
1438;12444;2008;2;3;774;394617
1439;7407;1957;2;2;923;149700
1440;11584;1979;3;2;550;197000
1441;11526;1922;3;2;672;191000
1442;4426;2004;1;2;420;149300
1443;11003;2008;3;3;812;310000
1444;8854;1916;2;1;192;121000
1445;8500;2004;3;2;626;179600
1446;8400;1966;3;1;240;129000
1447;26142;1962;3;1;312;157900
1448;10000;1995;3;2;556;240000
1449;11767;1910;2;1;384;112000
1450;1533;1970;1;0;0;92000
1451;9000;1974;4;0;0;136000
1452;9262;2008;3;3;840;287090
1453;3675;2005;2;2;525;145000
1454;17217;2006;3;0;0;84500
1455;7500;2004;2;2;400;185000
1456;7917;1999;3;2;460;175000
1457;13175;1978;3;2;500;210000
1458;9042;1941;4;1;252;266500
1459;9717;1950;2;1;240;142125
1460;9937;1965;3;1;276;147500
1461;11622;1961;2;1;730;
1462;14267;1958;3;1;312;
1463;13830;1997;3;2;482;
1464;9978;1998;3;2;470;
1465;5005;1992;2;2;506;
1466;10000;1993;3;2;440;
1467;7980;1992;3;2;420;
1468;8402;1998;3;2;393;
1469;10176;1990;2;2;506;
1470;8400;1970;2;2;525;
1471;5858;1999;2;2;511;
1472;1680;1971;2;1;264;
1473;1680;1971;3;1;320;
1474;2280;1975;3;2;440;
1475;2280;1975;2;1;308;
1476;12858;2009;3;3;751;
1477;12883;2009;3;3;868;
1478;11520;2005;3;3;730;
1479;14122;2005;3;3;678;
1480;14300;2003;3;3;958;
1481;13650;2002;3;3;756;
1482;7132;2006;2;2;484;
1483;18494;2005;3;2;430;
1484;3203;2006;2;2;437;
1485;13300;2004;3;2;400;
1486;8577;2004;3;2;433;
1487;17433;1998;4;3;962;
1488;8987;2005;2;3;880;
1489;9215;2009;2;2;676;
1490;10440;2005;2;2;528;
1491;11920;2004;3;2;484;
1492;9800;1920;2;1;429;
1493;15410;1974;3;2;461;
1494;13143;1993;4;3;762;
1495;11134;1992;4;3;713;
1496;4835;2004;2;2;506;
1497;3515;2004;2;2;588;
1498;3215;2004;2;2;480;
1499;2544;2004;2;2;480;
1500;2544;2005;2;2;480;
1501;2980;2000;2;2;440;
1502;2403;2003;2;2;496;
1503;12853;2010;1;3;852;
1504;7379;2000;3;2;592;
1505;8000;2002;3;2;596;
1506;10456;1967;4;2;535;
1507;10791;1993;4;2;660;
1508;18837;1978;3;2;678;
1509;9600;1971;4;2;441;
1510;9600;1966;3;2;490;
1511;9900;1966;3;2;504;
1512;9680;1967;3;2;517;
1513;10600;1964;3;2;480;
1514;13260;1962;6;0;0;
1515;9724;1952;3;2;400;
1516;17360;1949;3;2;470;
1517;11380;1966;2;1;315;
1518;8267;1958;4;2;576;
1519;8197;2003;3;2;620;
1520;8050;1959;3;1;308;
1521;10725;1959;3;1;312;
1522;10032;1959;3;2;440;
1523;8382;1956;3;1;263;
1524;10950;1952;2;1;318;
1525;10895;1955;3;1;305;
1526;13587;1958;2;1;264;
1527;7898;1920;2;2;676;
1528;8064;1948;3;1;280;
1529;7635;1960;3;2;484;
1530;9760;1963;2;2;440;
1531;4800;1900;3;1;240;
1532;4485;1920;2;0;0;
1533;5805;1957;3;2;551;
1534;6900;1938;3;1;240;
1535;11851;1948;3;1;240;
1536;8239;1920;3;1;315;
1537;9656;1923;2;2;780;
1538;9600;1900;3;1;288;
1539;9000;1890;3;2;624;
1540;9045;1910;4;0;0;
1541;10560;1922;2;2;624;
1542;5830;1950;3;1;363;
1543;7793;1922;3;1;315;
1544;5000;1925;2;1;200;
1545;6000;1939;2;1;240;
1546;6000;1940;3;2;576;
1547;6360;1942;3;1;240;
1548;6000;1948;3;1;312;
1549;6240;1936;2;2;624;
1550;6240;1930;4;2;480;
1551;6120;1923;2;1;288;
1552;8094;1915;4;2;572;
1553;12900;1912;3;0;0;
1554;3068;1920;3;1;180;
1555;15263;1959;3;1;365;
1556;10632;1917;3;1;180;
1557;9900;1915;3;0;0;
1558;6001;1940;3;1;231;
1559;6449;1907;4;0;0;
1560;6048;1910;2;2;450;
1561;10773;1967;4;0;0;
1562;7800;1966;3;1;416;
1563;7832;1968;2;1;280;
1564;7424;1978;3;2;591;
1565;11227;1968;4;2;480;
1566;20062;1977;1;2;690;
1567;9259;1927;2;2;440;
1568;17082;1978;4;2;522;
1569;18600;1938;4;1;480;
1570;11479;1950;3;1;467;
1571;9350;1947;3;1;209;
1572;9525;1954;3;1;366;
1573;17485;2009;1;2;572;
1574;11200;1964;3;2;504;
1575;11980;1987;1;2;528;
1576;12361;1993;3;4;1017;
1577;7360;2010;2;2;615;
1578;14235;1900;3;2;484;
1579;11105;1996;2;2;580;
1580;9337;1997;3;2;513;
1581;15240;1977;3;1;308;
1582;7480;1972;3;2;484;
1583;10389;2003;3;3;850;
1584;9375;1997;4;2;621;
1585;4435;2003;1;2;420;
1586;8777;1945;2;1;240;
1587;8842;1954;3;1;319;
1588;10044;1968;3;1;336;
1589;11792;1948;2;2;480;
1590;6305;1975;3;1;352;
1591;6410;1958;3;0;0;
1592;4853;1924;2;1;260;
1593;7890;1939;2;2;399;
1594;7200;1967;6;0;0;
1595;9839;1931;3;0;0;
1596;10452;1941;4;1;312;
1597;15600;1950;5;2;484;
1598;19645;1994;3;2;473;
1599;3907;1989;1;2;598;
1600;3907;1989;2;2;531;
1601;8154;1941;1;1;200;
1602;9140;1921;2;1;625;
1603;8712;1896;3;1;330;
1604;3811;2004;2;2;525;
1605;11050;1998;3;3;741;
1606;9620;1977;3;2;473;
1607;12760;1976;5;2;776;
1608;11896;2008;3;3;660;
1609;9803;2009;2;2;520;
1610;9802;2006;3;2;400;
1611;15300;1965;2;2;528;
1612;10114;2004;3;2;624;
1613;11875;1999;3;2;686;
1614;2394;1973;2;1;253;
1615;1476;1970;3;0;0;
1616;1900;1970;3;0;0;
1617;1890;1972;3;1;286;
1618;6953;1971;3;1;352;
1619;12887;1984;2;2;495;
1620;7700;1985;4;2;616;
1621;10475;1991;3;2;576;
1622;10544;1969;5;1;275;
1623;9892;1994;3;2;482;
1624;12961;1993;3;2;616;
1625;13008;1956;2;1;502;
1626;10200;1974;4;2;528;
1627;10179;1997;3;2;470;
1628;11792;2003;4;3;632;
1629;8400;1996;3;2;390;
1630;7296;2004;1;2;564;
1631;7380;1998;2;2;495;
1632;8013;1995;2;2;528;
1633;8923;1998;3;2;396;
1634;7500;1998;3;2;440;
1635;8803;1994;3;2;409;
1636;7250;1993;3;2;430;
1637;11900;1977;3;2;567;
1638;13250;1978;4;2;529;
1639;10928;1978;3;2;484;
1640;12388;1980;4;2;441;
1641;11088;1978;3;2;479;
1642;7000;2003;3;2;581;
1643;7500;2000;3;2;588;
1644;8470;2002;3;2;565;
1645;9373;1975;3;2;478;
1646;10140;1974;3;2;528;
1647;11050;1975;3;2;506;
1648;7830;1970;2;2;477;
1649;8510;1971;3;1;336;
1650;7038;1970;3;2;576;
1651;9000;1971;3;2;576;
1652;1680;1973;2;1;264;
1653;1680;1972;2;1;288;
1654;2308;1976;3;2;440;
1655;2280;1975;2;2;440;
1656;2349;1977;3;2;440;
1657;2364;1978;3;2;440;
1658;2364;1978;3;2;440;
1659;2104;1976;2;1;345;
1660;10710;1966;3;2;656;
1661;14257;2007;4;3;754;
1662;12350;2009;3;3;864;
1663;12350;2008;3;3;896;
1664;13693;2007;2;3;762;
1665;11578;2008;3;3;834;
1666;16870;2004;3;3;932;
1667;23303;2007;5;3;640;
1668;10367;2008;3;3;927;
1669;10872;2006;2;3;700;
1670;13514;2008;3;3;850;
1671;12878;2003;3;2;583;
1672;15274;2003;3;3;886;
1673;13262;2003;4;3;730;
1674;9658;2006;3;3;871;
1675;6904;2005;2;2;484;
1676;5122;2005;1;2;624;
1677;10307;2007;2;2;484;
1678;14836;2004;2;3;949;
1679;15262;2003;3;3;685;
1680;7390;2008;2;2;649;
1681;6472;2008;2;2;539;
1682;16770;2002;3;3;701;
1683;3480;2003;2;2;478;
1684;10928;2005;3;2;390;
1685;8918;2005;3;2;392;
1686;3182;2005;2;2;397;
1687;9434;2004;3;2;400;
1688;7984;2004;3;2;436;
1689;10125;2004;3;2;434;
1690;8965;2003;3;2;400;
1691;8174;2003;3;2;393;
1692;12891;2002;4;3;644;
1693;9734;2004;3;2;400;
1694;8433;2000;3;2;394;
1695;7750;1999;3;2;400;
1696;15896;1999;4;3;658;
1697;7848;1999;3;2;410;
1698;12720;2000;4;3;810;
1699;10750;1994;3;3;815;
1700;9085;1995;3;2;647;
1701;11692;1993;3;2;623;
1702;11194;2008;3;3;972;
1703;10206;2008;3;3;726;
1704;10130;2007;3;3;844;
1705;9139;2006;3;2;492;
1706;11128;2005;2;3;795;
1707;7993;2008;3;2;529;
1708;8640;2008;3;2;625;
1709;12606;2007;3;3;984;
1710;7500;2006;2;2;692;
1711;10603;2006;3;3;782;
1712;8125;2008;3;2;517;
1713;10625;2006;3;3;711;
1714;8736;2003;3;2;588;
1715;8127;2003;3;2;628;
1716;9605;2007;3;2;576;
1717;7500;2006;3;2;484;
1718;7500;2004;3;0;0;
1719;10628;2004;3;2;478;
1720;10141;2004;3;3;845;
1721;13072;2004;3;2;576;
1722;13072;2004;3;0;0;
1723;12450;2003;3;2;576;
1724;7328;2008;2;3;788;
1725;11492;1996;4;2;559;
1726;7703;1992;3;2;528;
1727;7175;1990;2;2;542;
1728;9109;1994;3;2;495;
1729;10274;1986;3;2;465;
1730;8250;1981;4;2;612;
1731;9750;1962;3;2;400;
1732;8499;1961;3;2;732;
1733;9079;1961;2;1;440;
1734;9316;1965;3;1;288;
1735;7791;1963;3;1;300;
1736;7150;1962;3;1;252;
1737;15676;1980;2;3;864;
1738;11949;1991;3;2;524;
1739;2880;2004;3;3;704;
1740;3830;2008;2;2;561;
1741;4217;2008;1;2;641;
1742;2998;2000;2;2;440;
1743;3768;1999;3;2;506;
1744;14694;1977;2;2;642;
1745;15417;1981;2;2;540;
1746;9600;1976;4;2;527;
1747;12732;1974;3;2;784;
1748;10400;1967;5;2;515;
1749;9600;1969;3;2;502;
1750;9000;1969;3;1;336;
1751;13774;1977;4;2;520;
1752;7130;1967;2;1;312;
1753;9600;1967;3;2;440;
1754;9600;1974;4;2;498;
1755;16500;1971;3;2;495;
1756;7436;1960;2;2;396;
1757;8125;1959;3;1;308;
1758;9450;1957;3;3;768;
1759;13495;1956;3;2;576;
1760;9350;1961;3;2;610;
1761;10500;1964;3;2;520;
1762;8970;1965;4;2;549;
1763;11475;1961;4;2;368;
1764;9768;1955;2;1;330;
1765;9900;1967;2;2;550;
1766;10573;1961;3;2;530;
1767;14695;1966;2;2;542;
1768;8760;1956;3;1;286;
1769;12285;1960;3;2;441;
1770;9240;1959;3;1;297;
1771;8750;1956;3;1;304;
1772;8750;1955;3;1;350;
1773;10400;1956;3;1;294;
1774;9482;1958;4;2;495;
1775;8128;1954;3;1;297;
1776;13070;1951;2;2;480;
1777;8480;1945;2;1;240;
1778;7626;1952;2;1;230;
1779;9533;1953;2;1;616;
1780;11419;1948;3;2;410;
1781;9600;1950;3;1;246;
1782;5470;1958;2;1;366;
1783;10800;1939;4;2;720;
1784;8146;1900;2;1;281;
1785;10230;1925;3;1;264;
1786;10410;1915;3;2;528;
1787;7200;1910;4;2;624;
1788;5400;1940;2;0;0;
1789;10800;1920;2;2;576;
1790;10800;1890;1;1;320;
1791;9671;1969;6;3;907;
1792;10143;1963;3;1;364;
1793;11500;1967;3;2;480;
1794;8010;1958;2;2;480;
1795;10454;1957;3;1;308;
1796;9000;1958;2;1;384;
1797;8064;1950;3;2;900;
1798;7350;1958;3;1;294;
1799;7200;1952;2;1;240;
1800;8000;1959;3;1;288;
1801;10800;1949;4;1;384;
1802;8064;1948;3;2;576;
1803;7570;1964;4;2;483;
1804;8604;1978;2;2;564;
1805;7936;1963;3;1;264;
1806;4080;1935;3;1;162;
1807;10307;1910;4;2;324;
1808;15660;1910;3;2;472;
1809;9900;1910;3;0;0;
1810;6406;1939;3;2;400;
1811;7627;1920;4;0;0;
1812;10134;1910;3;0;0;
1813;6000;1950;3;1;308;
1814;7404;1920;2;2;288;
1815;5925;1940;1;1;308;
1816;8520;1923;2;1;287;
1817;9600;1910;3;2;720;
1818;8400;1900;3;1;357;
1819;3600;1917;3;1;280;
1820;3300;1910;2;0;0;
1821;5400;1920;3;1;207;
1822;9720;1910;4;3;640;
1823;9392;1900;2;0;0;
1824;6615;1923;3;1;216;
1825;4960;1930;3;1;336;
1826;6000;1924;3;1;320;
1827;6120;1925;2;1;264;
1828;6120;1938;3;1;250;
1829;8635;1925;2;5;1184;
1830;8094;1915;3;2;576;
1831;9928;1915;3;1;216;
1832;3000;1922;4;0;0;
1833;6876;1927;4;1;316;
1834;5775;1915;3;1;379;
1835;5852;1902;6;0;0;
1836;5160;1927;3;1;384;
1837;5160;1923;1;0;0;
1838;10320;1915;3;1;308;
1839;4280;1946;2;1;220;
1840;10800;1987;3;0;0;
1841;10547;1978;2;1;252;
1842;9780;1934;4;1;226;
1843;11625;1967;3;1;668;
1844;8014;1978;3;2;504;
1845;15400;1961;4;1;384;
1846;15312;1960;3;2;480;
1847;15584;1956;4;1;336;
1848;9000;1947;2;0;0;
1849;15635;1954;2;2;498;
1850;9571;1956;2;1;340;
1851;9350;1946;3;1;240;
1852;7440;1954;3;1;252;
1853;4235;1984;2;1;266;
1854;10778;1990;1;2;462;
1855;19255;1983;2;2;576;
1856;10560;1993;3;2;473;
1857;26400;1880;4;2;576;
1858;7018;1979;6;2;720;
1859;7018;1979;4;2;400;
1860;7040;1979;2;2;672;
1861;7007;1979;4;2;400;
1862;11855;2000;6;4;820;
1863;7939;2000;6;4;820;
1864;7976;2000;6;4;820;
1865;10933;2009;1;3;1138;
1866;10816;2008;3;3;846;
1867;9178;2008;3;3;904;
1868;11422;2007;3;2;524;
1869;6762;2007;2;2;662;
1870;10324;2008;2;3;810;
1871;11645;2005;3;3;844;
1872;11646;2005;3;2;440;
1873;16698;1992;3;2;525;
1874;9757;1994;3;1;440;
1875;14753;1998;3;2;539;
1876;8750;1998;3;2;492;
1877;10739;2002;3;2;577;
1878;11166;2001;3;2;608;
1879;16269;1978;3;1;343;
1880;6950;1979;2;2;444;
1881;11664;2002;3;3;1231;
1882;12334;2003;4;2;570;
1883;8749;2002;3;2;550;
1884;11250;2001;3;2;608;
1885;15750;1999;2;2;521;
1886;12782;2002;3;2;523;
1887;8750;1997;3;2;511;
1888;10200;2007;3;3;810;
1889;11069;2007;3;2;440;
1890;10682;1960;3;1;544;
1891;3675;2005;2;2;525;
1892;6410;1959;3;1;320;
1893;11767;1950;3;1;195;
1894;10926;1959;6;0;0;
1895;11767;1956;2;1;313;
1896;8212;1941;3;1;256;
1897;6300;1938;3;1;250;
1898;5707;1935;3;1;180;
1899;8574;1916;3;2;440;
1900;7155;1918;3;1;215;
1901;13680;1940;2;2;440;
1902;14680;1960;2;1;307;
1903;8145;1940;5;2;400;
1904;9100;1954;2;1;390;
1905;13339;1960;3;2;463;
1906;15600;1949;3;1;295;
1907;17500;1954;3;2;576;
1908;1733;1980;2;2;452;
1909;1488;1980;2;2;462;
1910;1612;1980;2;2;462;
1911;13607;1986;3;2;501;
1912;17597;1971;3;2;551;
1913;8660;1900;5;2;576;
1914;10200;1925;2;1;200;
1915;3843;2007;2;2;482;
1916;21780;1910;1;1;280;
1917;10125;2000;3;3;642;
1918;9750;1977;2;1;351;
1919;9360;1977;2;2;541;
1920;11070;1991;2;2;672;
1921;13438;2008;3;3;780;
1922;14463;2008;3;3;885;
1923;9839;1980;3;2;440;
1924;14419;1987;3;2;578;
1925;9157;2003;3;2;486;
1926;12633;2007;2;3;920;
1927;12518;1968;3;1;384;
1928;13383;1969;3;2;504;
1929;7689;1972;2;1;336;
1930;7706;1993;2;1;429;
1931;7669;1992;2;2;698;
1932;10429;1992;3;2;440;
1933;10457;1969;4;2;898;
1934;8702;1997;3;2;470;
1935;8139;1995;3;2;420;
1936;9535;1998;3;2;472;
1937;15038;1996;3;2;386;
1938;14137;1996;3;2;404;
1939;6264;1997;1;2;528;
1940;5070;1992;2;2;506;
1941;11184;1998;3;2;460;
1942;14067;1991;3;2;416;
1943;5950;1989;2;2;462;
1944;13543;2005;5;3;683;
1945;15401;2004;2;3;670;
1946;31220;1952;3;2;495;
1947;8118;2007;2;2;557;
1948;47280;1950;3;2;738;
1949;12680;1988;2;2;528;
1950;10825;1983;3;2;598;
1951;18559;1978;3;2;550;
1952;14450;1979;3;2;551;
1953;13068;1976;3;2;461;
1954;10400;1980;3;2;489;
1955;9743;1969;3;2;484;
1956;12511;1978;4;4;1314;
1957;10400;1976;2;2;473;
1958;14311;1996;4;3;787;
1959;9000;1974;4;2;480;
1960;10295;1969;2;1;288;
1961;7560;1971;3;2;576;
1962;1680;1973;2;1;264;
1963;1890;1972;2;1;352;
1964;1680;1972;3;1;264;
1965;2308;1975;4;2;460;
1966;2529;1977;2;2;440;
1967;12704;2007;3;3;905;
1968;13693;2007;4;3;650;
1969;14418;2007;2;3;706;
1970;13418;2006;4;3;850;
1971;12539;2005;4;4;1150;
1972;12151;2005;3;3;1003;
1973;8899;2007;4;3;656;
1974;10574;2004;4;3;756;
1975;12720;2003;1;3;789;
1976;10845;2003;2;3;732;
1977;16900;2001;4;3;746;
1978;16451;2003;4;3;795;
1979;10110;2008;2;3;870;
1980;12304;2005;2;2;484;
1981;8232;2007;2;3;944;
1982;6240;2006;2;2;550;
1983;6240;2006;2;2;550;
1984;2448;2003;2;2;474;
1985;3940;2003;2;3;644;
1986;3940;2004;2;3;668;
1987;3710;2007;2;2;428;
1988;9024;2004;3;2;393;
1989;8010;2002;3;2;400;
1990;8396;2003;4;2;434;
1991;7301;2007;2;2;484;
1992;8220;2000;3;2;431;
1993;7750;2002;3;2;403;
1994;12460;1999;4;2;400;
1995;8390;1999;3;2;450;
1996;9660;1997;3;2;516;
1997;11000;2000;4;3;687;
1998;11675;1998;2;3;938;
1999;10990;1996;4;2;576;
2000;11929;1995;4;3;751;
2001;10010;1993;4;3;783;
2002;13253;2006;3;3;642;
2003;9801;2007;3;3;851;
2004;9428;2007;3;3;880;
2005;10037;2006;3;2;480;
2006;8640;2007;3;2;588;
2007;10625;2007;3;3;660;
2008;7500;2007;2;2;462;
2009;10110;2003;3;2;542;
2010;12774;2003;3;2;478;
2011;13072;2005;3;0;0;
2012;9260;2007;3;2;483;
2013;8453;1995;3;2;525;
2014;8480;1993;3;2;474;
2015;14565;1994;3;2;483;
2016;8450;2001;3;2;627;
2017;8285;1992;3;2;506;
2018;9100;1963;3;1;384;
2019;8100;1961;3;1;420;
2020;8450;1968;3;1;308;
2021;6360;1963;3;1;276;
2022;19508;1974;3;2;484;
2023;10759;1972;4;2;490;
2024;9205;1990;4;2;473;
2025;11025;1993;4;2;636;
2026;3435;2004;1;2;495;
2027;3180;2005;2;2;480;
2028;3180;2007;2;2;540;
2029;2280;1999;3;2;440;
2030;4765;2000;2;2;495;
2031;4538;2001;1;2;545;
2032;4385;2001;2;2;588;
2033;4109;1999;2;2;484;
2034;2160;1999;3;2;462;
2035;10646;2001;3;2;546;
2036;2645;1999;3;2;480;
2037;2645;1999;3;2;480;
2038;3951;1998;2;2;846;
2039;11064;1995;1;2;477;
2040;24572;1977;3;3;864;
2041;16280;1976;3;2;550;
2042;7500;2002;3;2;469;
2043;11104;1969;4;2;516;
2044;11050;1968;4;2;512;
2045;15387;1967;4;2;578;
2046;9750;1965;4;2;484;
2047;8814;1968;4;2;470;
2048;8125;1965;3;2;576;
2049;11072;1965;6;2;576;
2050;13355;1971;4;2;464;
2051;7785;1956;2;1;267;
2052;9900;1961;3;2;451;
2053;11332;1960;3;1;264;
2054;4882;1937;2;1;231;
2055;9600;1960;3;2;450;
2056;9600;1950;3;1;264;
2057;7584;1953;3;1;312;
2058;14670;1966;4;2;480;
2059;8856;1957;3;1;292;
2060;9840;1959;2;1;480;
2061;13200;1958;3;2;441;
2062;10425;1956;3;1;384;
2063;11556;1952;2;1;240;
2064;9373;1953;3;2;636;
2065;12774;1953;2;2;400;
2066;14250;1957;3;2;540;
2067;8838;1957;4;1;301;
2068;12436;1957;5;2;484;
2069;10122;1948;1;1;390;
2070;7506;1925;3;1;288;
2071;5400;1940;2;1;308;
2072;10836;1922;3;4;1488;
2073;10180;1968;3;2;372;
2074;11355;1958;3;2;495;
2075;12929;1960;3;1;401;
2076;7200;1951;2;2;576;
2077;8000;1959;3;1;311;
2078;8000;1962;3;1;299;
2079;8064;1948;3;2;576;
2080;6390;1954;2;1;280;
2081;7200;1954;4;1;240;
2082;8513;1961;6;0;0;
2083;7200;1955;3;2;480;
2084;7200;1954;2;1;350;
2085;7590;1963;3;1;264;
2086;9836;2008;3;1;308;
2087;9184;1948;3;2;400;
2088;4800;1910;2;1;330;
2089;4800;1940;2;1;256;
2090;6000;1915;4;1;308;
2091;11426;1910;3;0;0;
2092;7628;1940;2;2;440;
2093;7308;1920;2;1;225;
2094;5400;1920;2;0;0;
2095;10800;1940;3;2;828;
2096;6756;1910;2;1;200;
2097;5914;1890;3;0;0;
2098;9000;1946;3;3;869;
2099;7311;1946;1;1;297;
2100;12205;1949;5;0;0;
2101;9142;1900;4;2;420;
2102;5350;1920;3;1;288;
2103;9143;1900;2;1;308;
2104;9600;1920;4;2;393;
2105;6000;1905;3;0;0;
2106;11340;1920;2;2;400;
2107;10800;1890;5;2;342;
2108;9750;1959;2;1;308;
2109;8516;1958;2;1;308;
2110;7111;1928;2;1;288;
2111;7425;1945;3;1;252;
2112;7010;1935;3;1;240;
2113;5000;1941;3;1;240;
2114;5870;1900;3;1;200;
2115;6000;1940;3;1;240;
2116;6000;1924;2;2;370;
2117;6000;1937;3;1;672;
2118;6000;1939;2;1;240;
2119;5000;1926;3;1;160;
2120;5520;1920;3;1;355;
2121;5940;1946;2;1;280;
2122;6240;1929;2;1;336;
2123;6120;1945;1;1;164;
2124;6240;1939;4;2;400;
2125;6120;1923;4;2;576;
2126;9144;1915;4;2;672;
2127;8094;1910;5;1;360;
2128;4347;1910;3;1;228;
2129;6291;1930;1;2;440;
2130;10266;1952;4;1;308;
2131;6876;1938;4;2;400;
2132;10320;1915;2;2;400;
2133;7200;1925;2;2;320;
2134;7006;1925;3;1;384;
2135;10320;1912;1;2;576;
2136;10320;1915;3;0;0;
2137;9488;1947;3;1;240;
2138;11235;1963;3;2;440;
2139;13014;1978;3;2;484;
2140;10265;1967;3;1;294;
2141;7703;1978;3;2;504;
2142;9981;1967;3;1;270;
2143;7400;1984;2;2;506;
2144;12900;1920;3;2;400;
2145;9239;1963;3;1;300;
2146;14175;1956;1;2;621;
2147;10532;1960;3;2;626;
2148;8375;1941;2;3;627;
2149;10200;1970;3;3;912;
2150;20270;1979;3;2;478;
2151;5190;1948;2;1;249;
2152;19550;1940;2;0;0;
2153;9571;1956;3;1;322;
2154;9350;1975;2;0;0;
2155;9360;1962;3;1;280;
2156;9771;1995;4;2;614;
2157;9938;1994;3;2;534;
2158;14171;1993;4;2;453;
2159;10541;1996;3;2;472;
2160;10616;2007;3;2;484;
2161;9345;2007;3;3;864;
2162;11778;2008;3;3;1348;
2163;11778;2008;3;3;874;
2164;11454;1995;3;3;811;
2165;11500;1966;2;2;438;
2166;9750;1994;3;2;528;
2167;8696;1997;3;2;558;
2168;13142;1997;3;2;600;
2169;8998;2000;3;2;532;
2170;12192;2000;3;2;626;
2171;12250;1978;3;2;528;
2172;9216;1975;3;2;576;
2173;14330;1975;2;2;440;
2174;10400;2001;3;2;570;
2175;9720;2001;3;3;725;
2176;14860;2002;3;3;715;
2177;10905;2003;4;2;596;
2178;11690;1999;3;2;560;
2179;4426;2004;1;2;420;
2180;10126;1997;2;3;721;
2181;9750;2004;3;2;470;
2182;11058;2007;3;3;814;
2183;9627;2007;3;2;610;
2184;9825;1966;3;1;264;
2185;12102;1976;3;2;504;
2186;6500;1976;3;2;480;
2187;9638;1977;3;2;542;
2188;7200;1976;3;2;440;
2189;47007;1959;5;2;624;
2190;6012;1955;2;0;0;
2191;6845;1955;2;0;0;
2192;6931;1955;2;0;0;
2193;12180;1938;2;0;0;
2194;8050;1947;4;0;0;
2195;9520;1953;2;1;286;
2196;7692;1954;3;1;312;
2197;5142;1923;3;1;205;
2198;7290;1921;2;1;312;
2199;7804;1930;4;2;480;
2200;8969;1926;2;1;369;
2201;15564;1914;3;2;400;
2202;7609;1925;3;1;180;
2203;9650;1923;4;2;599;
2204;11700;1937;4;1;240;
2205;9260;1938;3;1;225;
2206;7801;1951;2;1;344;
2207;9670;1935;4;2;786;
2208;12392;1950;3;2;506;
2209;26073;1956;3;2;484;
2210;1879;1980;2;2;462;
2211;7000;1926;2;1;195;
2212;6000;1940;3;1;240;
2213;8155;1930;4;0;0;
2214;6000;1967;3;1;288;
2215;7392;1930;2;1;360;
2216;9000;1958;4;1;356;
2217;14584;1952;2;2;487;
2218;5280;1895;2;1;185;
2219;5150;1910;2;1;195;
2220;9000;1920;3;1;216;
2221;3843;2007;2;2;525;
2222;3811;2004;2;2;482;
2223;23730;1996;3;3;786;
2224;11050;1996;3;3;816;
2225;10260;1976;4;2;484;
2226;9990;1991;3;2;432;
2227;4084;1986;2;2;512;
2228;11563;2006;3;3;788;
2229;12852;2007;3;2;612;
2230;9802;2006;3;2;400;
2231;12018;2008;3;3;666;
2232;12890;1989;3;2;438;
2233;18265;1986;3;2;578;
2234;11202;2003;3;2;467;
2235;7915;1999;3;2;435;
2236;11449;2007;3;2;520;
2237;11447;2005;3;3;892;
2238;8940;1997;2;4;784;
2239;9278;2007;2;0;0;
2240;4500;1997;2;2;392;
2241;14137;1964;3;3;850;
2242;4224;1975;3;2;499;
2243;2665;1976;4;1;336;
2244;1974;1973;2;1;297;
2245;1596;1973;1;1;297;
2246;17979;1968;3;1;257;
2247;1477;1970;3;0;0;
2248;6490;1983;2;1;264;
2249;6600;1982;3;1;264;
2250;12395;1984;3;2;484;
2251;56600;1900;4;1;288;
2252;10667;1971;3;2;525;
2253;8872;1997;3;2;390;
2254;10147;1994;3;2;398;
2255;8637;1999;3;2;451;
2256;7875;1996;3;2;420;
2257;7500;1999;5;2;482;
2258;9556;1992;3;2;420;
2259;7655;1993;3;2;392;
2260;18160;1964;3;2;480;
2261;4740;1988;2;2;480;
2262;5118;1990;1;2;484;
2263;12328;2005;4;3;729;
2264;51974;2006;4;3;1110;
2265;41600;1969;3;3;828;
2266;8035;2006;2;2;556;
2267;14082;2006;1;2;724;
2268;13870;2006;3;3;724;
2269;10960;1984;3;2;480;
2270;12090;1981;3;2;484;
2271;12299;1978;3;2;663;
2272;11339;1979;4;2;481;
2273;11850;1984;3;2;495;
2274;10400;1979;2;2;478;
2275;13001;1971;2;2;944;
2276;8991;1976;3;2;585;
2277;8000;1974;4;2;488;
2278;9457;1970;3;2;576;
2279;7920;1970;3;1;368;
2280;17199;1961;2;1;270;
2281;4113;2001;2;2;511;
2282;10943;1997;2;2;522;
2283;2205;1973;3;1;264;
2284;2058;1973;4;1;264;
2285;2304;1978;2;1;319;
2286;7150;1966;3;1;360;
2287;12469;2006;3;3;730;
2288;11825;2006;3;3;856;
2289;14333;2007;2;3;938;
2290;13641;2007;3;3;1040;
2291;13440;2006;4;3;670;
2292;15431;2005;2;3;878;
2293;13891;2007;3;3;932;
2294;13654;2005;4;3;814;
2295;17169;2007;2;3;1174;
2296;16659;2007;3;2;728;
2297;9709;2007;3;3;786;
2298;13615;2006;3;3;843;
2299;13069;2004;5;3;916;
2300;14277;2003;3;3;818;
2301;12568;2007;3;3;774;
2302;9926;2005;3;3;878;
2303;9254;2005;3;2;554;
2304;10732;2006;3;3;876;
2305;3901;2005;1;2;631;
2306;3903;2005;1;2;631;
2307;6289;2005;2;2;460;
2308;4590;2006;2;2;627;
2309;7841;2005;2;2;564;
2310;6240;2006;2;2;550;
2311;3242;2003;2;2;478;
2312;15810;2007;3;2;572;
2313;10237;2005;3;2;400;
2314;13204;2006;3;2;454;
2315;8857;2006;3;2;440;
2316;9729;2006;3;3;350;
2317;12216;2005;3;2;388;
2318;8229;2007;3;2;440;
2319;7713;2007;3;2;400;
2320;7697;2007;3;2;462;
2321;3621;2003;2;3;630;
2322;3710;2007;2;2;388;
2323;16219;2004;2;2;437;
2324;11084;2004;3;2;400;
2325;10936;2006;3;2;534;
2326;11950;2003;3;2;400;
2327;7875;2003;4;2;434;
2328;8740;2002;4;2;435;
2329;9487;2000;3;2;442;
2330;9649;1999;3;2;460;
2331;12191;1997;4;3;925;
2332;10557;1998;4;3;806;
2333;11002;1998;4;3;758;
2334;10790;1998;4;3;600;
2335;11762;1992;4;2;517;
2336;9044;1996;4;3;933;
2337;9910;2007;3;2;605;
2338;11830;2007;3;3;852;
2339;10612;2006;3;2;484;
2340;12291;2007;1;3;1092;
2341;9965;2007;3;2;480;
2342;8847;2005;3;2;484;
2343;8251;2005;3;2;672;
2344;9605;2006;3;3;574;
2345;8778;2006;3;3;859;
2346;8640;2007;3;2;598;
2347;9000;2006;3;2;575;
2348;8640;2007;3;2;590;
2349;10411;2007;3;2;561;
2350;12217;2007;3;3;880;
2351;10440;2007;2;2;594;
2352;11824;2006;2;3;658;
2353;10625;2004;4;3;744;
2354;7500;2006;3;0;0;
2355;7500;2006;3;0;0;
2356;12450;2003;3;2;576;
2357;7441;2006;3;2;566;
2358;11613;1993;3;2;492;
2359;8012;1980;2;1;283;
2360;6285;1977;2;1;308;
2361;7476;1968;3;2;686;
2362;19522;1990;3;2;564;
2363;10751;1974;2;2;431;
2364;12712;1973;2;2;542;
2365;4379;2004;2;2;540;
2366;3523;2006;2;2;484;
2367;3784;2006;2;2;476;
2368;3606;2006;2;2;466;
2369;5330;2006;2;2;528;
2370;2280;1999;3;2;440;
2371;2117;2000;3;2;440;
2372;7321;1999;3;2;625;
2373;8010;2003;3;2;552;
2374;8413;1998;3;2;1105;
2375;9466;1994;1;2;478;
2376;12000;1980;3;2;546;
2377;17778;1981;2;2;676;
2378;11700;1968;3;2;412;
2379;8000;1970;4;2;570;
2380;8723;1969;3;2;480;
2381;11700;1968;3;2;528;
2382;11358;1972;3;2;515;
2383;9547;1993;2;2;472;
2384;10530;1993;3;2;473;
2385;10738;1966;3;2;484;
2386;10800;1963;3;1;311;
2387;8050;1967;3;1;308;
2388;10899;1964;2;3;530;
2389;7450;1956;2;2;396;
2390;14357;1961;2;2;440;
2391;8243;1961;3;2;784;
2392;8680;1960;3;1;312;
2393;8800;1966;3;2;440;
2394;9200;1965;3;2;440;
2395;8800;1964;5;2;539;
2396;11382;1964;3;1;286;
2397;22002;1959;3;2;510;
2398;12172;1940;2;2;512;
2399;5000;1946;2;0;0;
2400;3500;1945;2;0;0;
2401;5175;1958;2;1;308;
2402;9600;1955;2;1;288;
2403;8668;1968;4;3;792;
2404;10050;1966;3;2;432;
2405;9600;1961;3;2;525;
2406;8760;1957;2;1;315;
2407;6860;1956;3;1;308;
2408;8250;1963;3;2;692;
2409;9100;1960;3;1;336;
2410;9736;1957;4;2;464;
2411;9770;1957;2;1;308;
2412;12198;1955;3;1;310;
2413;10050;1955;3;1;336;
2414;11556;1953;3;1;336;
2415;8078;1958;4;2;484;
2416;10950;1952;2;2;410;
2417;7942;1953;3;1;293;
2418;8540;1956;3;1;252;
2419;7150;1955;4;1;352;
2420;8400;1955;3;1;390;
2421;9532;1953;3;1;280;
2422;15783;1952;2;1;420;
2423;14190;1890;3;0;0;
2424;12099;1953;3;1;371;
2425;21281;1935;4;3;1200;
2426;10284;1925;1;2;580;
2427;10800;1895;3;0;0;
2428;10090;1963;4;1;276;
2429;8700;1961;3;1;240;
2430;8300;1968;3;1;288;
2431;7200;1950;3;1;357;
2432;7500;1959;3;1;286;
2433;7315;1958;3;1;338;
2434;7903;1960;3;1;324;
2435;8000;1960;3;1;351;
2436;7000;1961;3;1;300;
2437;6600;1962;2;1;294;
2438;6760;1962;3;1;288;
2439;6978;1926;2;2;576;
2440;6000;1927;3;2;576;
2441;4480;1922;2;1;184;
2442;3153;1920;2;1;180;
2443;7200;1940;2;2;379;
2444;9000;1900;2;2;576;
2445;5925;1900;3;1;252;
2446;9639;1900;4;2;342;
2447;10337;1910;3;2;816;
2448;9863;1927;4;1;374;
2449;4571;1910;3;2;480;
2450;8398;1910;3;2;468;
2451;3600;1930;3;1;336;
2452;13500;1879;3;2;576;
2453;8626;1956;2;1;331;
2454;11800;1949;1;1;384;
2455;6854;1925;1;1;308;
2456;8674;1950;3;1;308;
2457;6125;1939;3;1;224;
2458;6000;1939;3;1;217;
2459;6120;1939;2;1;240;
2460;6240;1938;3;2;528;
2461;6240;1939;4;1;280;
2462;6240;1930;3;1;230;
2463;6120;1926;2;2;379;
2464;7755;1918;4;1;408;
2465;8850;1920;3;2;576;
2466;8550;1926;4;2;576;
2467;5700;1929;3;2;456;
2468;5680;1901;3;1;240;
2469;5680;1901;2;1;216;
2470;13200;1963;5;2;658;
2471;9780;1950;4;1;299;
2472;10320;1915;3;2;720;
2473;4330;1958;3;2;436;
2474;10320;1910;3;1;264;
2475;12888;1937;3;2;498;
2476;4484;1942;2;1;240;
2477;11235;1963;3;1;308;
2478;11235;1964;2;2;572;
2479;14299;1964;3;2;440;
2480;14149;1964;3;2;528;
2481;11677;1966;3;1;264;
2482;8425;1971;2;2;576;
2483;8665;1968;3;1;264;
2484;8398;1967;2;2;528;
2485;8169;1966;3;1;315;
2486;14175;1956;3;1;323;
2487;16779;1920;4;2;638;
2488;6960;1940;2;1;224;
2489;11375;1954;3;2;494;
2490;13770;1958;3;1;303;
2491;9000;1945;3;2;460;
2492;11075;1984;3;2;552;
2493;17541;1948;3;2;576;
2494;22692;1953;3;2;649;
2495;17808;1946;2;1;336;
2496;12671;1954;4;2;527;
2497;10512;1954;3;1;332;
2498;5400;1958;3;1;399;
2499;11515;1958;3;1;308;
2500;3869;1984;2;1;264;
2501;9280;1951;4;1;256;
2502;11100;1951;4;1;253;
2503;7550;1920;4;1;280;
2504;23920;1984;4;2;515;
2505;9317;1994;3;2;499;
2506;9178;2007;3;3;870;
2507;10481;2006;3;3;894;
2508;10235;2007;3;3;870;
2509;11750;2005;3;3;796;
2510;8760;2006;3;2;674;
2511;7242;2005;2;2;524;
2512;9316;2005;3;2;578;
2513;8883;1988;3;2;619;
2514;20064;1976;0;2;529;
2515;14217;1994;3;2;747;
2516;10021;1997;3;2;497;
2517;8428;1994;3;1;384;
2518;16561;1996;3;1;242;
2519;10820;1999;3;2;597;
2520;12352;1998;3;2;534;
2521;9543;2001;3;2;517;
2522;8826;2000;3;2;486;
2523;11800;1974;3;2;440;
2524;8660;1976;3;2;370;
2525;9720;1977;3;2;576;
2526;8982;1977;3;2;748;
2527;16300;1977;3;1;308;
2528;9675;1975;3;2;440;
2529;7200;1972;3;2;576;
2530;7200;1972;3;2;728;
2531;11354;2000;3;2;583;
2532;8749;2003;3;2;610;
2533;8158;2002;3;2;542;
2534;11927;1994;3;2;484;
2535;12728;2001;4;2;560;
2536;15295;1996;3;2;608;
2537;17227;1999;1;2;482;
2538;8145;2007;3;2;552;
2539;8769;2005;2;2;578;
2540;8334;2006;3;2;437;
2541;8333;2006;3;2;484;
2542;9045;2005;3;2;400;
2543;9825;1967;2;1;384;
2544;8308;1963;2;2;520;
2545;16287;1925;3;2;576;
2546;8240;1960;2;2;622;
2547;6285;1976;3;2;528;
2548;9555;1979;5;2;579;
2549;7023;2005;3;2;489;
2550;39290;2008;2;3;1154;
2551;3675;2005;2;2;525;
2552;6400;1959;2;1;392;
2553;6882;1955;2;0;0;
2554;8741;1946;4;0;0;
2555;10042;1920;2;1;216;
2556;8172;1955;2;1;355;
2557;8172;1955;3;2;528;
2558;10890;1923;6;0;0;
2559;7223;1926;3;1;352;
2560;6821;1921;2;1;240;
2561;4000;1930;2;1;216;
2562;6720;1921;3;1;228;
2563;7155;1926;3;1;225;
2564;7230;1927;4;2;264;
2565;13108;1951;2;2;400;
2566;7810;1930;4;1;231;
2567;6221;1941;3;2;528;
2568;25485;1960;3;2;580;
2569;21579;1968;3;2;552;
2570;1782;1980;2;2;462;
2571;17871;1995;4;2;628;
2572;3907;1988;1;2;509;
2573;20693;1971;3;2;625;
2574;18044;1986;2;2;691;
2575;7000;1940;3;2;720;
2576;7288;1925;3;0;0;
2577;9060;1923;3;NA;NA;
2578;3672;1922;2;1;100;
2579;11067;1939;1;1;256;
2580;8250;1895;4;0;0;
2581;6565;1957;3;2;720;
2582;6060;1930;2;1;216;
2583;5568;2006;2;2;495;
2584;12150;1979;2;2;486;
2585;10000;2002;3;3;650;
2586;12864;2002;1;2;576;
2587;9928;1991;3;2;506;
2588;8750;1975;3;1;360;
2589;8410;1974;2;2;528;
2590;4054;1987;2;2;512;
2591;19958;1958;4;2;461;
2592;8368;2006;3;2;433;
2593;8298;2006;2;2;502;
2594;10331;1985;3;2;528;
2595;6718;2001;2;2;471;
2596;11305;2002;2;3;692;
2597;7777;1996;3;2;571;
2598;11800;2003;5;2;452;
2599;12633;2006;3;3;932;
2600;43500;1953;2;4;1041;
2601;6710;1996;0;2;460;
2602;1504;1972;3;1;253;
2603;1533;1970;2;1;297;
2604;1495;1970;3;0;0;
2605;1890;1976;3;1;286;
2606;9129;1977;1;2;678;
2607;15957;1977;3;2;528;
2608;33983;1977;3;2;672;
2609;8286;1977;3;2;531;
2610;6723;1971;2;0;0;
2611;27697;1961;3;1;444;
2612;11000;1976;3;2;502;
2613;11625;1983;2;1;264;
2614;10447;1984;3;1;288;
2615;11027;1954;2;2;452;
2616;10533;1956;2;1;313;
2617;11765;1957;3;3;963;
2618;39384;1957;1;2;550;
2619;11727;1969;3;2;506;
2620;8238;1997;3;2;400;
2621;13041;1995;3;2;423;
2622;9783;1996;3;2;443;
2623;13128;2005;4;2;527;
2624;13751;2005;3;3;773;
2625;13108;1994;4;2;618;
2626;8076;1993;3;2;402;
2627;3701;1987;2;2;461;
2628;16023;2005;3;3;670;
2629;18062;2006;5;3;758;
2630;12292;2006;4;3;675;
2631;16052;2006;4;3;736;
2632;15922;2005;4;3;660;
2633;8147;2005;2;2;517;
2634;18261;2005;3;3;722;
2635;10464;1980;2;2;582;
2636;10530;1978;4;2;482;
2637;9927;1976;2;2;596;
2638;9512;2005;3;2;541;
2639;10530;1975;3;2;485;
2640;10000;1974;3;2;462;
2641;7200;1971;3;2;576;
2642;8773;2002;2;2;543;
2643;2760;1973;3;2;440;
2644;2160;1973;3;2;440;
2645;1890;1972;3;1;264;
2646;1680;1972;2;1;264;
2647;1680;1972;3;1;264;
2648;4043;1975;2;2;440;
2649;7514;1967;3;1;300;
2650;2280;1976;2;1;319;
2651;2179;1976;3;2;460;
2652;16387;2006;4;3;831;
2653;16163;2004;2;3;880;
2654;12228;2006;4;3;874;
2655;14780;2005;2;3;1085;
2656;13975;2005;4;3;670;
2657;9942;2005;3;2;521;
2658;12867;2005;3;2;575;
2659;10672;2006;4;3;672;
2660;11643;2005;4;3;784;
2661;13758;2005;2;3;925;
2662;14828;2004;2;3;816;
2663;13215;2004;3;3;746;
2664;5911;2005;2;2;556;
2665;7740;2006;1;3;899;
2666;6373;2006;2;2;575;
2667;10237;2005;3;2;390;
2668;10237;2006;3;2;440;
2669;11660;2006;3;2;427;
2670;11631;2004;4;3;632;
2671;9073;2006;3;2;440;
2672;3087;2006;2;2;437;
2673;2938;2002;2;2;398;
2674;3072;2004;2;2;388;
2675;3010;2005;2;2;440;
2676;9171;2004;3;2;433;
2677;8658;2000;3;2;431;
2678;12104;2006;4;3;617;
2679;9660;1998;3;3;885;
2680;9545;2000;3;3;768;
2681;9233;2000;4;3;774;
2682;10019;1995;4;3;725;
2683;17242;1993;4;3;959;
2684;10236;1994;4;3;803;
2685;12585;1993;3;3;704;
2686;12447;2005;3;2;760;
2687;15218;2006;2;3;928;
2688;10936;2006;3;2;510;
2689;8640;2006;2;2;584;
2690;13162;2006;3;3;792;
2691;8125;2005;3;2;615;
2692;7733;2005;3;0;0;
2693;11024;2005;3;2;612;
2694;13072;2005;3;0;0;
2695;7800;2005;3;2;462;
2696;7632;2005;3;2;449;
2697;8304;1997;3;2;688;
2698;9370;1992;3;2;462;
2699;7175;1990;2;2;542;
2700;7175;1991;2;2;484;
2701;9019;1994;3;2;472;
2702;9100;1962;3;2;624;
2703;8927;1977;4;2;528;
2704;9240;1962;2;2;576;
2705;9308;1965;3;1;310;
2706;8450;1968;3;1;294;
2707;8638;1963;2;2;484;
2708;13052;1965;3;1;308;
2709;8020;1964;3;0;0;
2710;8789;1967;3;1;288;
2711;14330;1974;3;2;550;
2712;11025;1992;3;3;888;
2713;3628;2004;1;2;588;
2714;2544;2005;2;2;480;
2715;2998;2000;2;2;440;
2716;4447;2003;2;2;496;
2717;8314;1997;3;1;434;
2718;7180;2001;3;2;564;
2719;13110;1972;2;2;501;
2720;10140;1967;3;2;477;
2721;9600;1968;3;2;504;
2722;8640;1968;4;2;530;
2723;9360;1968;2;2;504;
2724;8400;1968;3;1;326;
2725;9759;1966;3;1;264;
2726;9600;1967;3;1;568;
2727;8800;1965;3;1;299;
2728;10368;1964;3;2;430;
2729;9350;1964;4;2;480;
2730;10800;1960;3;1;286;
2731;8550;1934;2;1;240;
2732;9724;1947;2;1;273;
2733;9600;1961;3;2;441;
2734;10858;1952;2;1;240;
2735;9600;1951;3;1;280;
2736;9462;1949;3;1;234;
2737;9888;1954;2;1;240;
2738;8917;1967;4;2;506;
2739;12700;1964;3;2;441;
2740;9723;1963;2;2;430;
2741;8400;1957;3;1;331;
2742;9610;1958;3;2;488;
2743;10000;1956;3;1;300;
2744;10152;1956;3;1;353;
2745;8092;1954;3;1;286;
2746;12778;1952;2;1;280;
2747;10170;1951;2;2;400;
2748;7700;1956;3;2;684;
2749;11050;1956;2;1;319;
2750;13600;1955;3;1;300;
2751;15428;1951;2;1;270;
2752;21299;1941;3;3;791;
2753;13300;1956;2;2;896;
2754;22136;1925;5;3;1008;
2755;7500;1947;3;2;649;
2756;10410;1930;2;1;371;
2757;10914;1929;2;2;660;
2758;7008;1900;1;1;280;
2759;7200;1915;3;2;528;
2760;10818;1910;4;2;648;
2761;10184;1963;3;1;294;
2762;9510;1962;3;1;264;
2763;10800;1961;3;2;418;
2764;11650;1959;2;2;484;
2765;18275;1962;3;2;441;
2766;12144;1950;3;1;597;
2767;8544;1950;2;2;400;
2768;8512;1960;4;0;0;
2769;7000;1961;3;1;288;
2770;7400;1962;3;2;528;
2771;7000;1962;3;1;336;
2772;7000;1962;3;0;0;
2773;9856;1900;5;2;624;
2774;9600;1948;3;1;240;
2775;5520;1920;4;1;162;
2776;9600;1900;3;2;400;
2777;6451;1900;4;2;576;
2778;3960;1930;2;1;200;
2779;7745;1900;4;2;576;
2780;7741;1924;2;1;280;
2781;5633;1925;2;1;216;
2782;7200;1950;2;1;528;
2783;7614;1905;2;1;216;
2784;6000;1955;3;2;576;
2785;6000;1924;5;2;450;
2786;7830;1921;1;1;200;
2787;9576;1945;3;1;378;
2788;5747;1920;2;1;250;
2789;6300;1910;5;2;432;
2790;5976;1920;2;0;0;
2791;9750;1958;3;2;624;
2792;4761;1918;2;0;0;
2793;11737;1924;2;1;240;
2794;6120;1930;3;1;258;
2795;6120;1930;3;1;180;
2796;11672;1925;2;1;210;
2797;33120;1962;5;2;576;
2798;10320;1924;3;2;370;
2799;7518;1910;3;1;390;
2800;9000;1919;2;0;0;
2801;7200;1930;3;1;308;
2802;12375;1951;3;1;288;
2803;11136;1964;4;2;576;
2804;21370;1950;3;2;394;
2805;8250;1935;2;1;260;
2806;5220;1936;2;1;180;
2807;5500;2004;2;1;246;
2808;11327;1967;3;2;528;
2809;10366;1964;2;1;336;
2810;9000;1966;3;1;286;
2811;9535;1967;3;2;512;
2812;7176;1978;3;2;616;
2813;9662;1977;6;2;580;
2814;8235;1977;6;2;586;
2815;17529;1924;2;1;322;
2816;20355;1967;2;2;521;
2817;13050;1963;1;2;575;
2818;10820;1971;2;2;576;
2819;1700;1980;2;1;450;
2820;9375;1954;3;2;504;
2821;6488;1942;3;1;215;
2822;19950;1928;4;3;795;
2823;19800;1935;5;2;836;
2824;11679;1962;3;2;528;
2825;12048;1952;3;2;569;
2826;10519;1955;3;1;288;
2827;9525;1953;5;1;305;
2828;12128;1989;4;2;506;
2829;9069;1993;2;4;920;
2830;11003;2005;3;3;848;
2831;7488;2005;2;2;632;
2832;13377;2006;3;2;495;
2833;11645;2005;2;3;754;
2834;10984;2005;3;2;638;
2835;9316;2005;3;2;576;
2836;9316;2005;3;2;610;
2837;12000;1968;3;2;522;
2838;13015;1996;3;2;462;
2839;12438;1995;3;2;473;
2840;8685;1998;3;2;591;
2841;9272;1999;3;2;515;
2842;13426;1999;3;2;586;
2843;8340;1977;3;1;317;
2844;10385;1978;3;3;672;
2845;7200;1972;3;1;297;
2846;9930;2002;3;2;591;
2847;9468;1999;3;2;530;
2848;11088;2002;1;2;418;
2849;8726;2002;4;2;529;
2850;10566;1999;3;3;646;
2851;21533;1996;4;2;467;
2852;11250;1998;3;3;555;
2853;11250;1995;4;2;610;
2854;4435;2003;1;2;420;
2855;8810;2003;3;2;545;
2856;8581;2006;3;2;578;
2857;8400;2005;3;2;572;
2858;8772;2005;3;2;502;
2859;8777;1910;3;2;528;
2860;7840;1975;4;0;0;
2861;16133;1969;2;1;360;
2862;7162;2003;3;2;616;
2863;8050;2002;2;0;0;
2864;11060;2003;3;2;502;
2865;3675;2005;2;2;525;
2866;2522;2004;3;2;380;
2867;6956;1948;3;1;265;
2868;7822;1915;3;2;528;
2869;8707;1924;4;1;288;
2870;16012;1954;3;2;609;
2871;8248;1922;3;0;0;
2872;8088;1922;1;1;216;
2873;11388;1910;3;1;275;
2874;10890;1938;3;1;240;
2875;6430;1945;3;1;440;
2876;7000;1926;3;1;312;
2877;4899;1920;3;1;216;
2878;9399;1919;4;1;288;
2879;10164;1939;3;1;240;
2880;6191;1941;4;1;240;
2881;21780;1920;3;1;318;
2882;12400;1940;2;1;410;
2883;8170;1929;4;2;451;
2884;12320;1932;3;3;579;
2885;14210;1930;3;2;365;
2886;15600;1950;4;1;342;
2887;7288;1942;2;1;215;
2888;7000;1926;3;2;506;
2889;8534;1925;2;0;0;
2890;7030;1925;2;1;272;
2891;9060;1957;4;1;384;
2892;12366;1945;2;0;0;
2893;9000;1951;4;0;0;
2894;8520;1916;2;0;0;
2895;5748;2005;2;2;495;
2896;3842;2004;2;2;525;
2897;23580;1979;3;2;576;
2898;8385;1978;4;2;616;
2899;9116;2001;3;2;490;
2900;11080;1975;3;2;528;
2901;50102;1958;2;2;518;
2902;8098;2000;2;2;470;
2903;13618;2005;3;3;714;
2904;11577;2005;3;3;682;
2905;31250;1951;3;1;270;
2906;7020;1997;2;4;784;
2907;2665;1977;3;1;336;
2908;10172;1968;3;1;288;
2909;11836;1970;4;3;928;
2910;1470;1970;1;0;0;
2911;1484;1972;3;1;253;
2912;13384;1969;3;1;336;
2913;1533;1970;3;1;286;
2914;1526;1970;3;0;0;
2915;1936;1970;3;0;0;
2916;1894;1970;3;1;286;
2917;20000;1960;4;2;576;
2918;10441;1992;3;0;0;
2919;9627;1993;3;3;650;
